method,sparse_rate,sparse_seed,feature,importance
direct_rf_geometry,0.05,22,x_norm,0.010329448696015738
direct_rf_geometry,0.05,22,y_norm,0.011015879239517657
direct_rf_geometry,0.05,22,distance_m,0.08773017431918816
direct_rf_geometry,0.05,22,log10_distance_m,0.09241428163435368
direct_rf_geometry,0.05,22,fspl_db,0.09378056257265763
direct_rf_geometry,0.05,22,los,7.043342635160384e-05
direct_rf_geometry,0.05,22,wall_count,0.0027917185312550915
direct_rf_geometry,0.05,22,wall_fraction,0.00988244716830913
direct_rf_geometry,0.05,22,mat_1_count,0.011279206624066061
direct_rf_geometry,0.05,22,mat_2_count,0.0019188445347542592
direct_rf_geometry,0.05,22,mat_3_count,0.004736257998621167
direct_rf_geometry,0.05,22,transmittance_sum,0.6353437413540086
direct_rf_geometry,0.05,22,reflectance_sum,0.007465726121456484
direct_rf_geometry,0.05,22,anchor_dist_px_nn_1,0.001089233324716293
direct_rf_geometry,0.05,22,anchor_dist_px_nn_2,0.0011118452093876925
direct_rf_geometry,0.05,22,anchor_dist_px_nn_3,0.0011446554058549454
direct_rf_geometry,0.05,22,anchor_dist_px_nn_4,0.0013670889243784453
direct_rf_geometry,0.05,22,anchor_density,0.026528454915107285
direct_rf_sparse_anchor,0.05,22,x_norm,0.006044650715192266
direct_rf_sparse_anchor,0.05,22,y_norm,0.006130316960556039
direct_rf_sparse_anchor,0.05,22,distance_m,0.004128252578938958
direct_rf_sparse_anchor,0.05,22,log10_distance_m,0.0039596430076964065
direct_rf_sparse_anchor,0.05,22,fspl_db,0.003967078836297113
direct_rf_sparse_anchor,0.05,22,los,2.5621349775755262e-05
direct_rf_sparse_anchor,0.05,22,wall_count,0.0018242805146883021
direct_rf_sparse_anchor,0.05,22,wall_fraction,0.004999266212882302
direct_rf_sparse_anchor,0.05,22,mat_1_count,0.0034830774838582163
direct_rf_sparse_anchor,0.05,22,mat_2_count,0.0009365322020427421
direct_rf_sparse_anchor,0.05,22,mat_3_count,0.0014653064882504349
direct_rf_sparse_anchor,0.05,22,transmittance_sum,0.031233481137809892
direct_rf_sparse_anchor,0.05,22,reflectance_sum,0.0036130526070683035
direct_rf_sparse_anchor,0.05,22,fspl_pred_db,0.004238679644100098
direct_rf_sparse_anchor,0.05,22,log_distance_pred_db,0.016420358391430787
direct_rf_sparse_anchor,0.05,22,multi_wall_pred_db,0.9015945483902221
direct_rf_sparse_anchor,0.05,22,anchor_dist_px_nn_1,0.0006244348532569129
direct_rf_sparse_anchor,0.05,22,anchor_dist_px_nn_2,0.0006519343532865907
direct_rf_sparse_anchor,0.05,22,anchor_dist_px_nn_3,0.0006657905440668781
direct_rf_sparse_anchor,0.05,22,anchor_dist_px_nn_4,0.0008103563071170045
direct_rf_sparse_anchor,0.05,22,anchor_density,0.0031833374214629445
direct_rf_all_features,0.05,22,x_norm,0.00030240304992446514
direct_rf_all_features,0.05,22,y_norm,0.00030242992879020805
direct_rf_all_features,0.05,22,distance_m,0.0003905974125537042
direct_rf_all_features,0.05,22,log10_distance_m,0.00043543010463252015
direct_rf_all_features,0.05,22,fspl_db,0.0003934737133300887
direct_rf_all_features,0.05,22,los,2.575511727705084e-06
direct_rf_all_features,0.05,22,wall_count,0.0007997473392449966
direct_rf_all_features,0.05,22,wall_fraction,0.0006089280553286499
direct_rf_all_features,0.05,22,mat_1_count,0.00025280183711224495
direct_rf_all_features,0.05,22,mat_2_count,4.790561454199185e-05
direct_rf_all_features,0.05,22,mat_3_count,0.00011189246961826557
direct_rf_all_features,0.05,22,transmittance_sum,0.0004690687672550356
direct_rf_all_features,0.05,22,reflectance_sum,0.0002572419410507903
direct_rf_all_features,0.05,22,fspl_pred_db,0.00043065365818193454
direct_rf_all_features,0.05,22,log_distance_pred_db,0.0023851097883613574
direct_rf_all_features,0.05,22,multi_wall_pred_db,0.0010926731396320862
direct_rf_all_features,0.05,22,multi_wall_residual_idw_pred_db,0.9771429176813173
direct_rf_all_features,0.05,22,anchor_residual_idw,0.0010844019212074
direct_rf_all_features,0.05,22,anchor_residual_nn_1,0.008681256937294499
direct_rf_all_features,0.05,22,anchor_residual_nn_2,0.0016547660268778934
direct_rf_all_features,0.05,22,anchor_residual_nn_3,0.0011054091857608164
direct_rf_all_features,0.05,22,anchor_residual_nn_4,0.0008328862125816522
direct_rf_all_features,0.05,22,anchor_dist_px_nn_1,0.0005328864742156084
direct_rf_all_features,0.05,22,anchor_dist_px_nn_2,0.00018668263535585105
direct_rf_all_features,0.05,22,anchor_dist_px_nn_3,0.00016514725426198984
direct_rf_all_features,0.05,22,anchor_dist_px_nn_4,0.0001782572077360916
direct_rf_all_features,0.05,22,anchor_density,0.00015245613210475395
direct_extra_all_features,0.05,22,x_norm,0.00022152914729522011
direct_extra_all_features,0.05,22,y_norm,0.00021650303967148162
direct_extra_all_features,0.05,22,distance_m,0.09312756641734019
direct_extra_all_features,0.05,22,log10_distance_m,0.061954733512565405
direct_extra_all_features,0.05,22,fspl_db,0.06313346459614382
direct_extra_all_features,0.05,22,los,0.018884809668184625
direct_extra_all_features,0.05,22,wall_count,0.016523633435550605
direct_extra_all_features,0.05,22,wall_fraction,0.0011448639366003672
direct_extra_all_features,0.05,22,mat_1_count,0.007639677488758569
direct_extra_all_features,0.05,22,mat_2_count,0.0001227518058777909
direct_extra_all_features,0.05,22,mat_3_count,0.0002292866836136218
direct_extra_all_features,0.05,22,transmittance_sum,0.012312971633895772
direct_extra_all_features,0.05,22,reflectance_sum,0.00887819555458087
direct_extra_all_features,0.05,22,fspl_pred_db,0.05780533742291836
direct_extra_all_features,0.05,22,log_distance_pred_db,0.17826742774570978
direct_extra_all_features,0.05,22,multi_wall_pred_db,0.0997099145036366
direct_extra_all_features,0.05,22,multi_wall_residual_idw_pred_db,0.32318480087020923
direct_extra_all_features,0.05,22,anchor_residual_idw,0.01586473840761896
direct_extra_all_features,0.05,22,anchor_residual_nn_1,0.012787228885707616
direct_extra_all_features,0.05,22,anchor_residual_nn_2,0.012887303915672164
direct_extra_all_features,0.05,22,anchor_residual_nn_3,0.0074613247720175255
direct_extra_all_features,0.05,22,anchor_residual_nn_4,0.006278691749046453
direct_extra_all_features,0.05,22,anchor_dist_px_nn_1,0.00045912206635442663
direct_extra_all_features,0.05,22,anchor_dist_px_nn_2,0.00021830403891138041
direct_extra_all_features,0.05,22,anchor_dist_px_nn_3,0.00018976969640288616
direct_extra_all_features,0.05,22,anchor_dist_px_nn_4,0.0001903649671041486
direct_extra_all_features,0.05,22,anchor_density,0.0003056840386120476
wallpath_rf,0.05,22,x_norm,0.002682707745240038
wallpath_rf,0.05,22,y_norm,0.002780338557866999
wallpath_rf,0.05,22,distance_m,0.0008015869711058843
wallpath_rf,0.05,22,log10_distance_m,0.000786232543666877
wallpath_rf,0.05,22,fspl_db,0.0008102148289299829
wallpath_rf,0.05,22,los,6.610693703145744e-06
wallpath_rf,0.05,22,wall_count,0.00430199160811476
wallpath_rf,0.05,22,wall_fraction,0.004665279460008487
wallpath_rf,0.05,22,mat_1_count,0.005464835086368264
wallpath_rf,0.05,22,mat_2_count,0.0007529008731535342
wallpath_rf,0.05,22,mat_3_count,0.001218456717221727
wallpath_rf,0.05,22,transmittance_sum,0.0029436667927822823
wallpath_rf,0.05,22,reflectance_sum,0.003637283243625527
wallpath_rf,0.05,22,fspl_pred_db,0.0007988738579527905
wallpath_rf,0.05,22,log_distance_pred_db,0.004029781150409149
wallpath_rf,0.05,22,multi_wall_pred_db,0.012558415181631597
wallpath_rf,0.05,22,multi_wall_residual_idw_pred_db,0.004592225935178406
wallpath_rf,0.05,22,anchor_residual_idw,0.5408629958956185
wallpath_rf,0.05,22,anchor_residual_nn_1,0.3414287432407034
wallpath_rf,0.05,22,anchor_residual_nn_2,0.037638201092407265
wallpath_rf,0.05,22,anchor_residual_nn_3,0.011799458855008752
wallpath_rf,0.05,22,anchor_residual_nn_4,0.007482175072745656
wallpath_rf,0.05,22,anchor_dist_px_nn_1,0.002385205511265024
wallpath_rf,0.05,22,anchor_dist_px_nn_2,0.0014713898480078606
wallpath_rf,0.05,22,anchor_dist_px_nn_3,0.0013833384747935688
wallpath_rf,0.05,22,anchor_dist_px_nn_4,0.0015536097543034798
wallpath_rf,0.05,22,anchor_density,0.0011634810081870021
wallpath_extra,0.05,22,x_norm,0.0013653170270289253
wallpath_extra,0.05,22,y_norm,0.0013851482650520592
wallpath_extra,0.05,22,distance_m,0.001123739488854996
wallpath_extra,0.05,22,log10_distance_m,0.0018125270014065806
wallpath_extra,0.05,22,fspl_db,0.0016797937917264404
wallpath_extra,0.05,22,los,0.00031672099279576914
wallpath_extra,0.05,22,wall_count,0.00782054307881481
wallpath_extra,0.05,22,wall_fraction,0.005046460712640268
wallpath_extra,0.05,22,mat_1_count,0.007604595934278898
wallpath_extra,0.05,22,mat_2_count,0.001032459236062551
wallpath_extra,0.05,22,mat_3_count,0.0015905646262222956
wallpath_extra,0.05,22,transmittance_sum,0.006738902535136908
wallpath_extra,0.05,22,reflectance_sum,0.004793044369189318
wallpath_extra,0.05,22,fspl_pred_db,0.001417178989276694
wallpath_extra,0.05,22,log_distance_pred_db,0.005763748815401189
wallpath_extra,0.05,22,multi_wall_pred_db,0.012945885608355403
wallpath_extra,0.05,22,multi_wall_residual_idw_pred_db,0.015784646249834382
wallpath_extra,0.05,22,anchor_residual_idw,0.2692845672030439
wallpath_extra,0.05,22,anchor_residual_nn_1,0.22983577543203135
wallpath_extra,0.05,22,anchor_residual_nn_2,0.155889702177149
wallpath_extra,0.05,22,anchor_residual_nn_3,0.15345666664031793
wallpath_extra,0.05,22,anchor_residual_nn_4,0.10511828444806588
wallpath_extra,0.05,22,anchor_dist_px_nn_1,0.0026990479728838503
wallpath_extra,0.05,22,anchor_dist_px_nn_2,0.0013807182934123903
wallpath_extra,0.05,22,anchor_dist_px_nn_3,0.0012344904362939007
wallpath_extra,0.05,22,anchor_dist_px_nn_4,0.0012812467486028112
wallpath_extra,0.05,22,anchor_density,0.001598223926121701
wallpath_calibrated,0.05,22,x_norm,0.014212763777054025
wallpath_calibrated,0.05,22,y_norm,0.014132466148282263
wallpath_calibrated,0.05,22,distance_m,0.013676907437470059
wallpath_calibrated,0.05,22,log10_distance_m,0.017234271631221362
wallpath_calibrated,0.05,22,fspl_db,0.017954628232420274
wallpath_calibrated,0.05,22,los,0.006468709414591508
wallpath_calibrated,0.05,22,wall_count,0.05658478118295981
wallpath_calibrated,0.05,22,wall_fraction,0.030965103231089156
wallpath_calibrated,0.05,22,mat_1_count,0.06488550666338175
wallpath_calibrated,0.05,22,mat_2_count,0.008037264278975166
wallpath_calibrated,0.05,22,mat_3_count,0.01441173167780034
wallpath_calibrated,0.05,22,transmittance_sum,0.05710726075819518
wallpath_calibrated,0.05,22,reflectance_sum,0.039533958338393085
wallpath_calibrated,0.05,22,fspl_pred_db,0.017735648536367367
wallpath_calibrated,0.05,22,log_distance_pred_db,0.10875193124355048
wallpath_calibrated,0.05,22,multi_wall_pred_db,0.23795247873459346
wallpath_calibrated,0.05,22,multi_wall_residual_idw_pred_db,0.1802280047870411
wallpath_calibrated,0.05,22,anchor_dist_px_nn_1,0.046351726817903456
wallpath_calibrated,0.05,22,anchor_dist_px_nn_2,0.014094844462718388
wallpath_calibrated,0.05,22,anchor_dist_px_nn_3,0.010472546891034188
wallpath_calibrated,0.05,22,anchor_dist_px_nn_4,0.010061527720771488
wallpath_calibrated,0.05,22,anchor_density,0.019145938034186225
