task,scope,baseline_method,metric,num_candidate_maps,num_valid_maps,num_missing_pairs,wallpath_map_wins,baseline_map_wins,ties,wallpath_map_win_rate,baseline_map_win_rate,mean_wallpath_value,mean_baseline_value,mean_paired_difference,median_paired_difference,mean_wallpath_improvement_percent
task2,overall,direct_extra_all_features,free_space_rmse,750,750,0,479,271,0,0.6386666666666667,0.36133333333333334,4.666316566913656,5.423635175834825,0.7573186089211705,0.1120971504936612,13.963302920805326
task2,Ant1-f1 source-like,direct_extra_all_features,free_space_rmse,250,250,0,55,195,0,0.22,0.78,2.8565591864407462,2.7884398502285257,-0.06811933621222077,-0.08379480325542166,-2.4429193337858033
task2,Ant1-f2-f3 frequency shift,direct_extra_all_features,free_space_rmse,500,500,0,424,76,0,0.848,0.152,5.5711952571501095,6.741232838637976,1.1700375814878663,0.3317279090690368,17.356433303737738
task2,overall,direct_extra_all_features,high_wall_rmse,750,750,0,435,315,0,0.58,0.42,5.145581756579418,5.910053264278187,0.7644715076987685,0.034824380703542435,12.935103517922977
task2,Ant1-f1 source-like,direct_extra_all_features,high_wall_rmse,250,250,0,59,191,0,0.236,0.764,3.2014958912091425,3.120812058495284,-0.08068383271385877,-0.07383112100669964,-2.5853473775912192
task2,Ant1-f2-f3 frequency shift,direct_extra_all_features,high_wall_rmse,500,500,0,376,124,0,0.752,0.248,6.117624689264556,7.3046738671696385,1.187049177905082,0.2543877082934225,16.250543138417097
task2,overall,direct_extra_all_features,los_rmse,750,711,39,256,455,0,0.360056258790436,0.639943741209564,2.823779631604143,2.377740078677529,-0.4460395529266142,-0.2872143336524007,-18.75897020563726
task2,Ant1-f1 source-like,direct_extra_all_features,los_rmse,250,238,12,1,237,0,0.004201680672268907,0.9957983193277311,1.3119460907450504,0.7498379802105131,-0.5621081105345371,-0.4222560948351591,-74.96394226079725
task2,Ant1-f2-f3 frequency shift,direct_extra_all_features,los_rmse,500,473,27,255,218,0,0.5391120507399577,0.4608879492600423,3.5844908001548075,3.1968536081387335,-0.38763719201607366,0.11166819888126955,-12.125584700819735
task2,overall,direct_extra_all_features,mae,750,750,0,578,172,0,0.7706666666666667,0.22933333333333333,3.2537590808338592,4.024926814317704,0.7711677334838443,0.2752439578374226,19.15979517293586
task2,Ant1-f1 source-like,direct_extra_all_features,mae,250,250,0,95,155,0,0.38,0.62,1.9211883625984194,1.9084237107435862,-0.01276465185483297,-0.025579094886779785,-0.6688583768360162
task2,Ant1-f2-f3 frequency shift,direct_extra_all_features,mae,500,500,0,483,17,0,0.966,0.034,3.9200444399515786,5.083178366104762,1.163133926153183,0.5304102897644043,22.882020703996904
task2,overall,direct_extra_all_features,nlos_rmse,750,750,0,436,314,0,0.5813333333333334,0.4186666666666667,4.955199565154566,5.669094462259188,0.713894897104621,0.039670206306451794,12.592750074235449
task2,Ant1-f1 source-like,direct_extra_all_features,nlos_rmse,250,250,0,55,195,0,0.22,0.78,3.0700441909054788,2.9892636186715227,-0.0807805722339566,-0.08204820498539211,-2.702356919255461
task2,Ant1-f2-f3 frequency shift,direct_extra_all_features,nlos_rmse,500,500,0,381,119,0,0.762,0.238,5.897777252279109,7.009009884053019,1.1112326317739099,0.2368108653640837,15.85434533773735
task2,overall,direct_extra_all_features,non_anchor_rmse,750,750,0,455,295,0,0.6066666666666667,0.3933333333333333,4.839370463174079,5.535667449609323,0.6962969864352442,0.07503669740901708,12.578374564107616
task2,Ant1-f1 source-like,direct_extra_all_features,non_anchor_rmse,250,250,0,50,200,0,0.2,0.8,2.9812526366652317,2.8905183083022017,-0.0907343283630301,-0.09145938897210626,-3.1390331658658277
task2,Ant1-f2-f3 frequency shift,direct_extra_all_features,non_anchor_rmse,500,500,0,405,95,0,0.81,0.19,5.768429376428504,6.858242020262884,1.0898126438343811,0.2663709546062272,15.890553885594825
task2,overall,direct_extra_all_features,p90_ae,750,750,0,395,355,0,0.5266666666666666,0.47333333333333333,7.978105586369832,9.249071926116944,1.270966339747111,0.02468434969584088,13.74155536793089
task2,Ant1-f1 source-like,direct_extra_all_features,p90_ae,250,250,0,55,195,0,0.22,0.78,4.808398335774738,4.7805582447052,-0.027840091069539354,-0.09522390365600586,-0.5823606709608199
task2,Ant1-f2-f3 frequency shift,direct_extra_all_features,p90_ae,500,500,0,340,160,0,0.68,0.32,9.56295921166738,11.483328766822815,1.920369555155436,0.2778464953104649,16.72310872700686
task2,overall,direct_extra_all_features,rmse,750,750,0,455,295,0,0.6066666666666667,0.3933333333333333,4.818543626874059,5.519287731259263,0.7007441043852037,0.0756487751760011,12.69627782614849
task2,Ant1-f1 source-like,direct_extra_all_features,rmse,250,250,0,50,200,0,0.2,0.8,2.9670564770714996,2.8783760635424054,-0.08868041352909367,-0.09023002885638165,-3.080918252910829
task2,Ant1-f2-f3 frequency shift,direct_extra_all_features,rmse,500,500,0,405,95,0,0.81,0.19,5.7442872017753395,6.839743565117691,1.0954563633423526,0.2718487055286736,16.016044357702494
task2,overall,direct_extra_all_features,wall_region_rmse,750,750,0,235,515,0,0.31333333333333335,0.6866666666666666,6.9216034958337005,6.9979580155699574,0.07635451973625725,-0.16192055460008525,1.091097139570909
task2,Ant1-f1 source-like,direct_extra_all_features,wall_region_rmse,250,250,0,72,178,0,0.288,0.712,4.4187018711363555,4.144095434051821,-0.2746064370845348,-0.11962315835600745,-6.626450607968802
task2,Ant1-f2-f3 frequency shift,direct_extra_all_features,wall_region_rmse,500,500,0,163,337,0,0.326,0.674,8.173054308182373,8.424889306329026,0.25183499814665333,-0.1909300065321693,2.989178717843426
task2,overall,direct_rf_all_features,free_space_rmse,750,750,0,401,349,0,0.5346666666666666,0.4653333333333333,4.666316566913656,4.801651648422863,0.1353350815092074,0.012591399105600587,2.818511033670231
task2,Ant1-f1 source-like,direct_rf_all_features,free_space_rmse,250,250,0,67,183,0,0.268,0.732,2.8565591864407462,2.7946302542452166,-0.06192893219552988,-0.07985551851721251,-2.215997343528925
task2,Ant1-f2-f3 frequency shift,direct_rf_all_features,free_space_rmse,500,500,0,334,166,0,0.668,0.332,5.5711952571501095,5.805162345511685,0.23396708836157598,0.0643322440959555,4.030328084493097
task2,overall,direct_rf_all_features,high_wall_rmse,750,750,0,382,368,0,0.5093333333333333,0.49066666666666664,5.145581756579418,5.280149153436694,0.13456739685727587,0.0047176273841915695,2.5485529470259474
task2,Ant1-f1 source-like,direct_rf_all_features,high_wall_rmse,250,250,0,59,191,0,0.236,0.764,3.2014958912091425,3.131561693757286,-0.06993419745185686,-0.0645221551950399,-2.233205163777204
task2,Ant1-f2-f3 frequency shift,direct_rf_all_features,high_wall_rmse,500,500,0,323,177,0,0.646,0.354,6.117624689264556,6.354442883276398,0.23681819401184226,0.052516316399374485,3.726812851447605
task2,overall,direct_rf_all_features,los_rmse,750,711,39,179,532,0,0.2517580872011252,0.7482419127988749,2.823779631604143,2.2681611250298426,-0.5556185065743006,-0.3623767594477234,-24.496430189323075
task2,Ant1-f1 source-like,direct_rf_all_features,los_rmse,250,238,12,1,237,0,0.004201680672268907,0.9957983193277311,1.3119460907450504,0.7918483877397611,-0.5200977030052892,-0.40914583904427315,-65.68147527455952
task2,Ant1-f2-f3 frequency shift,direct_rf_all_features,los_rmse,500,473,27,178,295,0,0.3763213530655391,0.6236786469344608,3.5844908001548075,3.010999246541554,-0.5734915536132537,-0.28484093972721114,-19.046552544706493
task2,overall,direct_rf_all_features,mae,750,750,0,516,234,0,0.688,0.312,3.2537590808338592,3.4273973936504785,0.17363831281661987,0.07677523295084632,5.06618558846715
task2,Ant1-f1 source-like,direct_rf_all_features,mae,250,250,0,98,152,0,0.392,0.608,1.9211883625984194,1.8977019735972087,-0.02348638900121054,-0.029253065586090088,-1.237622626101338
task2,Ant1-f2-f3 frequency shift,direct_rf_all_features,mae,500,500,0,418,82,0,0.836,0.164,3.9200444399515786,4.192245103677114,0.27220066372553503,0.16573945681254054,6.492956804619601
task2,overall,direct_rf_all_features,nlos_rmse,750,750,0,380,370,0,0.5066666666666667,0.49333333333333335,4.955199565154566,5.077014471555188,0.12181490640062224,0.003438806236778724,2.3993413271344783
task2,Ant1-f1 source-like,direct_rf_all_features,nlos_rmse,250,250,0,61,189,0,0.244,0.756,3.0700441909054788,3.000013604314316,-0.07003058659116328,-0.0696277708847729,-2.3343423006633
task2,Ant1-f2-f3 frequency shift,direct_rf_all_features,nlos_rmse,500,500,0,319,181,0,0.638,0.362,5.897777252279109,6.115514905175624,0.21773765289651498,0.04831661445554358,3.5604140660705688
task2,overall,direct_rf_all_features,non_anchor_rmse,750,750,0,373,377,0,0.49733333333333335,0.5026666666666667,4.839370463174079,4.946017230861865,0.10664676768778533,-0.002396376904054698,2.1562150455590334
task2,Ant1-f1 source-like,direct_rf_all_features,non_anchor_rmse,250,250,0,60,190,0,0.24,0.76,2.9812526366652317,2.9025552276832385,-0.07869740898199333,-0.07987910654226915,-2.7113147833127664
task2,Ant1-f2-f3 frequency shift,direct_rf_all_features,non_anchor_rmse,500,500,0,313,187,0,0.626,0.374,5.768429376428504,5.967748232451179,0.19931885602267466,0.044064935064145105,3.3399340632171257
task2,overall,direct_rf_all_features,p90_ae,750,750,0,332,418,0,0.44266666666666665,0.5573333333333333,7.978105586369832,8.272061554378935,0.293955968009101,-0.03106411298116063,3.553599862340154
task2,Ant1-f1 source-like,direct_rf_all_features,p90_ae,250,250,0,72,178,0,0.288,0.712,4.808398335774738,4.775869000116983,-0.0325293356577555,-0.08960803349812818,-0.6811186750926037
task2,Ant1-f2-f3 frequency shift,direct_rf_all_features,p90_ae,500,500,0,260,240,0,0.52,0.48,9.56295921166738,10.020157831509907,0.4571986198425293,0.008952617645263672,4.562788606031704
task2,overall,direct_rf_all_features,rmse,750,750,0,374,376,0,0.49866666666666665,0.5013333333333333,4.818543626874059,4.926945471989319,0.10840184511525904,-0.0016252213613197064,2.20018357685397
task2,Ant1-f1 source-like,direct_rf_all_features,rmse,250,250,0,60,190,0,0.24,0.76,2.9670564770714996,2.8898114139487534,-0.07724506312274604,-0.07887201812493161,-2.673013981116346
task2,Ant1-f2-f3 frequency shift,direct_rf_all_features,rmse,500,500,0,314,186,0,0.628,0.372,5.7442872017753395,5.945512501009602,0.20122529923426158,0.04540726198210776,3.384490390022599
task2,overall,direct_rf_all_features,wall_region_rmse,750,750,0,247,503,0,0.3293333333333333,0.6706666666666666,6.9216034958337005,6.751070637876396,-0.17053285795730355,-0.09591631644546705,-2.526012052081674
task2,Ant1-f1 source-like,direct_rf_all_features,wall_region_rmse,250,250,0,79,171,0,0.316,0.684,4.4187018711363555,4.198900288873802,-0.21980158226255314,-0.1032124143965496,-5.2347416499739445
task2,Ant1-f2-f3 frequency shift,direct_rf_all_features,wall_region_rmse,500,500,0,168,332,0,0.336,0.664,8.173054308182373,8.027155812377694,-0.14589849580467873,-0.09370026655780084,-1.817561527579991
task2,overall,multi_wall_residual_idw,free_space_rmse,750,750,0,722,28,0,0.9626666666666667,0.037333333333333336,4.666316566913656,5.446132745242297,0.7798161783286424,0.7746858403120338,14.318714118929307
task2,Ant1-f1 source-like,multi_wall_residual_idw,free_space_rmse,250,250,0,250,0,0,1.0,0.0,2.8565591864407462,3.5419005161566006,0.6853413297158542,0.6288311865879443,19.34953640255075
task2,Ant1-f2-f3 frequency shift,multi_wall_residual_idw,free_space_rmse,500,500,0,472,28,0,0.944,0.056,5.5711952571501095,6.398248859785144,0.8270536026350365,0.8961883167445994,12.926249365405386
task2,overall,multi_wall_residual_idw,high_wall_rmse,750,750,0,715,35,0,0.9533333333333334,0.04666666666666667,5.145581756579418,5.906351023279452,0.7607692667000338,0.7300456802676958,12.880529174468597
task2,Ant1-f1 source-like,multi_wall_residual_idw,high_wall_rmse,250,250,0,250,0,0,1.0,0.0,3.2014958912091425,3.9011374141246433,0.6996415229155011,0.5923291089756798,17.934295787232347
task2,Ant1-f2-f3 frequency shift,multi_wall_residual_idw,high_wall_rmse,500,500,0,465,35,0,0.93,0.07,6.117624689264556,6.908957827856857,0.7913331385923003,0.8244023232379416,11.453726572214014
task2,overall,multi_wall_residual_idw,los_rmse,750,711,39,710,1,0,0.9985935302390999,0.0014064697609001407,2.823779631604143,4.998046476995108,2.1742668453909646,1.979917776598339,43.50233346965919
task2,Ant1-f1 source-like,multi_wall_residual_idw,los_rmse,250,238,12,238,0,0,1.0,0.0,1.3119460907450504,2.9881394489886195,1.6761933582435684,1.514726647701477,56.09488401924823
task2,Ant1-f2-f3 frequency shift,multi_wall_residual_idw,los_rmse,500,473,27,472,1,0,0.9978858350951374,0.0021141649048625794,3.5844908001548075,6.009373903349324,2.4248831031945173,2.224820338935599,40.351676267689186
task2,overall,multi_wall_residual_idw,mae,750,750,0,720,30,0,0.96,0.04,3.2537590808338592,3.9270056702825755,0.6732465894487168,0.6827697753906248,17.144018776022584
task2,Ant1-f1 source-like,multi_wall_residual_idw,mae,250,250,0,250,0,0,1.0,0.0,1.9211883625984194,2.458319154580434,0.537130791982015,0.5346242984135946,21.849514168297155
task2,Ant1-f2-f3 frequency shift,multi_wall_residual_idw,mae,500,500,0,470,30,0,0.94,0.06,3.9200444399515786,4.661348928133646,0.7413044881820678,0.8341936667760212,15.903218137305965
task2,overall,multi_wall_residual_idw,nlos_rmse,750,750,0,717,33,0,0.956,0.044,4.955199565154566,5.7153205016230615,0.7601209364684955,0.7272642463718522,13.299707973553415
task2,Ant1-f1 source-like,multi_wall_residual_idw,nlos_rmse,250,250,0,250,0,0,1.0,0.0,3.0700441909054788,3.755990827048945,0.685946636143466,0.605777876729789,18.26273459465314
task2,Ant1-f2-f3 frequency shift,multi_wall_residual_idw,nlos_rmse,500,500,0,467,33,0,0.934,0.066,5.897777252279109,6.694985338910119,0.7972080866310103,0.8430121051010748,11.907540439226524
task2,overall,multi_wall_residual_idw,non_anchor_rmse,750,750,0,723,27,0,0.964,0.036,4.839370463174079,5.655655562510223,0.8162850993361435,0.7956453500684217,14.433076595878145
task2,Ant1-f1 source-like,multi_wall_residual_idw,non_anchor_rmse,250,250,0,250,0,0,1.0,0.0,2.9812526366652317,3.6999845954287807,0.7187319587635487,0.6358746874192642,19.42526894980916
task2,Ant1-f2-f3 frequency shift,multi_wall_residual_idw,non_anchor_rmse,500,500,0,473,27,0,0.946,0.054,5.768429376428504,6.633491046050944,0.8650616696224408,0.912432224269043,13.040820642057389
task2,overall,multi_wall_residual_idw,p90_ae,750,750,0,713,37,0,0.9506666666666667,0.04933333333333333,7.978105586369832,8.855910984357198,0.8778053979873657,0.9639179706573486,9.912084702950311
task2,Ant1-f1 source-like,multi_wall_residual_idw,p90_ae,250,250,0,250,0,0,1.0,0.0,4.808398335774738,5.58636879825592,0.7779704624811807,0.7574721177419026,13.926228120206932
task2,Ant1-f2-f3 frequency shift,multi_wall_residual_idw,p90_ae,500,500,0,463,37,0,0.926,0.074,9.56295921166738,10.490682077407836,0.9277228657404581,1.1115096410115566,8.84330359928026
task2,overall,multi_wall_residual_idw,rmse,750,750,0,723,27,0,0.964,0.036,4.818543626874059,5.627272420473938,0.8087287935998779,0.7891945664757791,14.371594853973075
task2,Ant1-f1 source-like,multi_wall_residual_idw,rmse,250,250,0,250,0,0,1.0,0.0,2.9670564770714996,3.681415882948495,0.7143594058769956,0.6318238073789915,19.404474489984963
task2,Ant1-f2-f3 frequency shift,multi_wall_residual_idw,rmse,500,500,0,473,27,0,0.946,0.054,5.7442872017753395,6.600200689236659,0.8559134874613191,0.902508857835834,12.967991849961603
task2,overall,multi_wall_residual_idw,wall_region_rmse,750,750,0,677,73,0,0.9026666666666666,0.09733333333333333,6.9216034958337005,7.928351918188017,1.0067484223543164,0.6150737391886372,12.698079408468082
task2,Ant1-f1 source-like,multi_wall_residual_idw,wall_region_rmse,250,250,0,242,8,0,0.968,0.032,4.4187018711363555,5.388837049061675,0.9701351779253202,0.5943300889496625,18.002681637854376
task2,Ant1-f2-f3 frequency shift,multi_wall_residual_idw,wall_region_rmse,500,500,0,435,65,0,0.87,0.13,8.173054308182373,9.198109352751187,1.0250550445688142,0.6360779054437931,11.144192847220467
task3,overall,direct_extra_all_features,free_space_rmse,5550,5550,0,5217,333,0,0.94,0.06,5.190796191773113,7.740384726771376,2.5495885349982634,1.5925192979481706,32.93878308374128
task3,Ant1-f1 source-like,direct_extra_all_features,free_space_rmse,250,250,0,55,195,0,0.22,0.78,2.856559186440428,2.7884398502285257,-0.06811933621190266,-0.08379480325542166,-2.4429193337743844
task3,Ant1-f2-f3 frequency shift,direct_extra_all_features,free_space_rmse,500,500,0,424,76,0,0.848,0.152,5.5711952571501095,6.741232838637976,1.1700375814878663,0.3317279090690368,17.356433303737738
task3,Ant2-Ant5 additional antennas across frequencies,direct_extra_all_features,free_space_rmse,4800,4800,0,4738,62,0,0.9870833333333333,0.012916666666666667,5.272746133157419,8.102376844105212,2.829630710947793,1.839229749590229,34.923464625154494
task3,overall,direct_extra_all_features,high_wall_rmse,5550,5550,0,4794,756,0,0.8637837837837837,0.1362162162162162,5.599664332561322,7.752697600940604,2.1530332683792817,0.7481929747566798,27.771407827361447
task3,Ant1-f1 source-like,direct_extra_all_features,high_wall_rmse,250,250,0,59,191,0,0.236,0.764,3.201495891208814,3.120812058495284,-0.08068383271352973,-0.07383112100669964,-2.585347377580689
task3,Ant1-f2-f3 frequency shift,direct_extra_all_features,high_wall_rmse,500,500,0,376,124,0,0.752,0.248,6.117624689264556,7.3046738671696385,1.187049177905082,0.2543877082934225,16.250543138417097
task3,Ant2-Ant5 additional antennas across frequencies,direct_extra_all_features,high_wall_rmse,4800,4800,0,4359,441,0,0.908125,0.091875,5.670614735058513,8.040610778544107,2.3699960434855947,0.9348373970871326,29.475323563848995
task3,overall,direct_extra_all_features,los_rmse,5550,5267,283,4585,682,0,0.87051452439719,0.12948547560280996,4.267835690126795,8.618509058463102,4.350673368336307,4.687048957269795,50.48058009597477
task3,Ant1-f1 source-like,direct_extra_all_features,los_rmse,250,238,12,1,237,0,0.004201680672268907,0.9957983193277311,1.3119460907450504,0.7498379802105131,-0.5621081105345371,-0.4222560948351591,-74.96394226079725
task3,Ant1-f2-f3 frequency shift,direct_extra_all_features,los_rmse,500,473,27,255,218,0,0.5391120507399577,0.4608879492600423,3.5844908001548075,3.1968536081387335,-0.38763719201607366,0.11166819888126955,-12.125584700819735
task3,Ant2-Ant5 additional antennas across frequencies,direct_extra_all_features,los_rmse,4800,4556,244,4329,227,0,0.9501755926251098,0.04982440737489025,4.493192111902388,9.592430644202246,5.099238532299857,5.361892383995926,53.15898255028703
task3,overall,direct_extra_all_features,mae,5550,5550,0,5368,182,0,0.9672072072072072,0.03279279279279279,3.735392966395742,6.197032780557781,2.4616398141620395,1.5114526947339377,39.72287869583405
task3,Ant1-f1 source-like,direct_extra_all_features,mae,250,250,0,95,155,0,0.38,0.62,1.9211883625984194,1.9084237107435862,-0.01276465185483297,-0.025579094886779785,-0.6688583768360162
task3,Ant1-f2-f3 frequency shift,direct_extra_all_features,mae,500,500,0,483,17,0,0.966,0.034,3.9200444399515786,5.083178366104762,1.163133926153183,0.5304102897644043,22.882020703996904
task3,Ant2-Ant5 additional antennas across frequencies,direct_extra_all_features,mae,4800,4800,0,4790,10,0,0.9979166666666667,0.0020833333333333333,3.810648261014786,6.536424337782793,2.7257760767680073,1.7402947743733725,41.70133295985817
task3,overall,direct_extra_all_features,nlos_rmse,5550,5550,0,4985,565,0,0.8981981981981982,0.1018018018018018,5.416795872557125,7.577861770673458,2.1610658981163335,0.9180359717855937,28.51814883295602
task3,Ant1-f1 source-like,direct_extra_all_features,nlos_rmse,250,250,0,55,195,0,0.22,0.78,3.0700441909051746,2.9892636186715227,-0.08078057223365227,-0.08204820498539211,-2.7023569192452843
task3,Ant1-f2-f3 frequency shift,direct_extra_all_features,nlos_rmse,500,500,0,381,119,0,0.762,0.238,5.897777252279109,7.009009884053019,1.1112326317739099,0.2368108653640837,15.85434533773735
task3,Ant2-Ant5 additional antennas across frequencies,direct_extra_all_features,nlos_rmse,4800,4800,0,4549,251,0,0.9477083333333334,0.05229166666666667,5.48892029558879,7.876106662613187,2.3871863670243982,1.1022364840869252,30.309218364906705
task3,overall,direct_extra_all_features,non_anchor_rmse,5550,5550,0,5159,391,0,0.9295495495495496,0.07045045045045045,5.340235698565371,7.780186616367294,2.439950917801922,1.47747671951885,31.361084741450316
task3,Ant1-f1 source-like,direct_extra_all_features,non_anchor_rmse,250,250,0,50,200,0,0.2,0.8,2.9812526366649323,2.8905183083022017,-0.09073432836273018,-0.09145938897210626,-3.139033165855473
task3,Ant1-f2-f3 frequency shift,direct_extra_all_features,non_anchor_rmse,500,500,0,405,95,0,0.81,0.19,5.768429376428504,6.858242020262884,1.0898126438343811,0.2663709546062272,15.890553885594825
task3,Ant2-Ant5 additional antennas across frequencies,direct_extra_all_features,non_anchor_rmse,4800,4800,0,4704,96,0,0.98,0.02,5.418495891595276,8.130892736173228,2.7123968445779503,1.7166327244944881,33.359151726487184
task3,overall,direct_extra_all_features,p90_ae,5550,5550,0,5112,438,0,0.9210810810810811,0.07891891891891892,8.804805737343637,12.562371578689094,3.7575658413454582,2.3372430006663008,29.911277642191553
task3,Ant1-f1 source-like,direct_extra_all_features,p90_ae,250,250,0,55,195,0,0.22,0.78,4.808398335774738,4.7805582447052,-0.027840091069539354,-0.09522390365600586,-0.5823606709608199
task3,Ant1-f2-f3 frequency shift,direct_extra_all_features,p90_ae,500,500,0,340,160,0,0.68,0.32,9.56295921166738,11.483328766822815,1.920369555155436,0.2778464953104649,16.72310872700686
task3,Ant2-Ant5 additional antennas across frequencies,direct_extra_all_features,p90_ae,4800,4800,0,4717,83,0,0.9827083333333333,0.017291666666666667,8.933977635933292,13.080074649403493,4.146097013470199,2.6899650096893306,31.6978084957587
task3,overall,direct_extra_all_features,rmse,5550,5550,0,5162,388,0,0.9300900900900901,0.0699099099099099,5.319527300434667,7.766873655307647,2.4473463548729786,1.4830909998445805,31.510057501714822
task3,Ant1-f1 source-like,direct_extra_all_features,rmse,250,250,0,50,200,0,0.2,0.8,2.967056477071201,2.8783760635424054,-0.08868041352879531,-0.09023002885638165,-3.080918252900461
task3,Ant1-f2-f3 frequency shift,direct_extra_all_features,rmse,500,500,0,405,95,0,0.81,0.19,5.7442872017753395,6.839743565117691,1.0954563633423526,0.2718487055286736,16.016044357702494
task3,Ant2-Ant5 additional antennas across frequencies,direct_extra_all_features,rmse,4800,4800,0,4707,93,0,0.980625,0.019375,5.397805999428528,8.118058955940205,2.720252956511678,1.7237918909012087,33.50866224642522
task3,overall,direct_extra_all_features,wall_region_rmse,5550,5550,0,2809,2741,0,0.5061261261261262,0.4938738738738739,7.1871465903206815,8.209738914268726,1.022592323948046,0.010370522496654822,12.455844633143625
task3,Ant1-f1 source-like,direct_extra_all_features,wall_region_rmse,250,250,0,72,178,0,0.288,0.712,4.4187018711363555,4.144095434051821,-0.2746064370845348,-0.11962315835600745,-6.626450607968802
task3,Ant1-f2-f3 frequency shift,direct_extra_all_features,wall_region_rmse,500,500,0,163,337,0,0.326,0.674,8.173054308182373,8.424889306329026,0.25183499814665333,-0.1909300065321693,2.989178717843426
task3,Ant2-Ant5 additional antennas across frequencies,direct_extra_all_features,wall_region_rmse,4800,4800,0,2574,2226,0,0.53625,0.46375,7.228637698834273,8.399079679690411,1.1704419808561382,0.0753999016929261,13.935359890516962
task3,overall,direct_rf_all_features,free_space_rmse,5550,5550,0,4963,587,0,0.8942342342342342,0.10576576576576577,5.190796191773113,5.78436168641128,0.5935654946381687,0.391055585340057,10.261555670569177
task3,Ant1-f1 source-like,direct_rf_all_features,free_space_rmse,250,250,0,67,183,0,0.268,0.732,2.856559186440428,2.7946302542452166,-0.06192893219521177,-0.07985551851721251,-2.215997343517531
task3,Ant1-f2-f3 frequency shift,direct_rf_all_features,free_space_rmse,500,500,0,334,166,0,0.668,0.332,5.5711952571501095,5.805162345511685,0.23396708836157598,0.0643322440959555,4.030328084493097
task3,Ant2-Ant5 additional antennas across frequencies,direct_rf_all_features,free_space_rmse,4800,4800,0,4562,238,0,0.9504166666666667,0.04958333333333333,5.272746133157419,5.937910129846972,0.6651639966895524,0.4400368688185523,11.201988277762888
task3,overall,direct_rf_all_features,high_wall_rmse,5550,5550,0,4511,1039,0,0.8127927927927928,0.1872072072072072,5.599664332561322,6.113184518233628,0.5135201856723045,0.23771240762263068,8.400207520984246
task3,Ant1-f1 source-like,direct_rf_all_features,high_wall_rmse,250,250,0,59,191,0,0.236,0.764,3.201495891208814,3.131561693757286,-0.06993419745152782,-0.0645221551950399,-2.2332051637667103
task3,Ant1-f2-f3 frequency shift,direct_rf_all_features,high_wall_rmse,500,500,0,323,177,0,0.646,0.354,6.117624689264556,6.354442883276398,0.23681819401184226,0.052516316399374485,3.726812851447605
task3,Ant2-Ant5 additional antennas across frequencies,direct_rf_all_features,high_wall_rmse,4800,4800,0,4129,671,0,0.8602083333333334,0.13979166666666668,5.670614735058513,6.243346293983148,0.5727315589246356,0.2787124738315452,9.173470955416791
task3,overall,direct_rf_all_features,los_rmse,5550,5267,283,4132,1135,0,0.7845073096639453,0.21549269033605467,4.267835690126795,5.005330981837093,0.737495291710298,0.8807684689611452,14.734196287647249
task3,Ant1-f1 source-like,direct_rf_all_features,los_rmse,250,238,12,1,237,0,0.004201680672268907,0.9957983193277311,1.3119460907450504,0.7918483877397611,-0.5200977030052892,-0.40914583904427315,-65.68147527455952
task3,Ant1-f2-f3 frequency shift,direct_rf_all_features,los_rmse,500,473,27,178,295,0,0.3763213530655391,0.6236786469344608,3.5844908001548075,3.010999246541554,-0.5734915536132537,-0.28484093972721114,-19.046552544706493
task3,Ant2-Ant5 additional antennas across frequencies,direct_rf_all_features,los_rmse,4800,4556,244,3953,603,0,0.8676470588235294,0.1323529411764706,4.493192111902388,5.432488086356398,0.9392959744540095,1.0475030700005554,17.290345777527527
task3,overall,direct_rf_all_features,mae,5550,5550,0,5230,320,0,0.9423423423423424,0.05765765765765766,3.735392966395742,4.314250799041611,0.5788578326458687,0.4263250231742859,13.417343117244348
task3,Ant1-f1 source-like,direct_rf_all_features,mae,250,250,0,98,152,0,0.392,0.608,1.9211883625984194,1.8977019735972087,-0.02348638900121054,-0.029253065586090088,-1.237622626101338
task3,Ant1-f2-f3 frequency shift,direct_rf_all_features,mae,500,500,0,418,82,0,0.836,0.164,3.9200444399515786,4.192245103677114,0.27220066372553503,0.16573945681254054,6.492956804619601
task3,Ant2-Ant5 additional antennas across frequencies,direct_rf_all_features,mae,4800,4800,0,4714,86,0,0.9820833333333333,0.017916666666666668,3.810648261014786,4.452821643633976,0.6421733826191889,0.46682771046956373,14.421718047864772
task3,overall,direct_rf_all_features,nlos_rmse,5550,5550,0,4714,836,0,0.8493693693693694,0.15063063063063062,5.416795872557125,5.941221524981044,0.5244256524239187,0.2909285436896918,8.826899488916
task3,Ant1-f1 source-like,direct_rf_all_features,nlos_rmse,250,250,0,61,189,0,0.244,0.756,3.0700441909051746,3.000013604314316,-0.07003058659085894,-0.0696277708847729,-2.33434230065316
task3,Ant1-f2-f3 frequency shift,direct_rf_all_features,nlos_rmse,500,500,0,319,181,0,0.638,0.362,5.897777252279109,6.115514905175624,0.21773765289651498,0.04831661445554358,3.5604140660705688
task3,Ant2-Ant5 additional antennas across frequencies,direct_rf_all_features,nlos_rmse,4800,4800,0,4334,466,0,0.9029166666666667,0.09708333333333333,5.48892029558879,6.076253877078833,0.5873335814900429,0.3350880882404974,9.66604742612243
task3,overall,direct_rf_all_features,non_anchor_rmse,5550,5550,0,4840,710,0,0.872072072072072,0.12792792792792793,5.340235698565371,5.889766651233081,0.5495309526677095,0.3531956780344241,9.33026697335556
task3,Ant1-f1 source-like,direct_rf_all_features,non_anchor_rmse,250,250,0,60,190,0,0.24,0.76,2.9812526366649323,2.9025552276832385,-0.07869740898169342,-0.07987910654226915,-2.7113147833024547
task3,Ant1-f2-f3 frequency shift,direct_rf_all_features,non_anchor_rmse,500,500,0,313,187,0,0.626,0.374,5.768429376428504,5.967748232451179,0.19931885602267466,0.044064935064145105,3.3399340632171257
task3,Ant2-Ant5 additional antennas across frequencies,direct_rf_all_features,non_anchor_rmse,4800,4800,0,4467,333,0,0.930625,0.069375,5.418495891595276,6.037227498166083,0.6187316065708071,0.4023866837145955,10.248605121452822
task3,overall,direct_rf_all_features,p90_ae,5550,5550,0,4792,758,0,0.8634234234234234,0.13657657657657657,8.804805737343637,9.803031943553203,0.9982262062095665,0.5407873789469404,10.182831311347835
task3,Ant1-f1 source-like,direct_rf_all_features,p90_ae,250,250,0,72,178,0,0.288,0.712,4.808398335774738,4.775869000116983,-0.0325293356577555,-0.08960803349812818,-0.6811186750926037
task3,Ant1-f2-f3 frequency shift,direct_rf_all_features,p90_ae,500,500,0,260,240,0,0.52,0.48,9.56295921166738,10.020157831509907,0.4571986198425293,0.008952617645263672,4.562788606031704
task3,Ant2-Ant5 additional antennas across frequencies,direct_rf_all_features,p90_ae,4800,4800,0,4460,340,0,0.9291666666666667,0.07083333333333333,8.933977635933292,10.042246066861681,1.1082684309283892,0.6135713259379068,11.036061290965117
task3,overall,direct_rf_all_features,rmse,5550,5550,0,4844,706,0,0.8727927927927928,0.1272072072072072,5.319527300434667,5.871376060378109,0.5518487599434418,0.3549860382099004,9.398968048861509
task3,Ant1-f1 source-like,direct_rf_all_features,rmse,250,250,0,60,190,0,0.24,0.76,2.967056477071201,2.8898114139487534,-0.07724506312244768,-0.07887201812493161,-2.673013981106019
task3,Ant1-f2-f3 frequency shift,direct_rf_all_features,rmse,500,500,0,314,186,0,0.628,0.372,5.7442872017753395,5.945512501009602,0.20122529923426158,0.04540726198210776,3.384490390022599
task3,Ant2-Ant5 additional antennas across frequencies,direct_rf_all_features,rmse,4800,4800,0,4470,330,0,0.93125,0.06875,5.397805999428528,6.018943339813859,0.6211373403853299,0.40406115140179044,10.31970738579074
task3,overall,direct_rf_all_features,wall_region_rmse,5550,5550,0,2499,3051,0,0.4502702702702703,0.5497297297297298,7.1871465903206815,7.235339770543157,0.04819318022247444,-0.031835767969868645,0.6660804019001539
task3,Ant1-f1 source-like,direct_rf_all_features,wall_region_rmse,250,250,0,79,171,0,0.316,0.684,4.4187018711363555,4.198900288873802,-0.21980158226255314,-0.1032124143965496,-5.2347416499739445
task3,Ant1-f2-f3 frequency shift,direct_rf_all_features,wall_region_rmse,500,500,0,168,332,0,0.336,0.664,8.173054308182373,8.027155812377694,-0.14589849580467873,-0.09370026655780084,-1.817561527579991
task3,Ant2-Ant5 additional antennas across frequencies,direct_rf_all_features,wall_region_rmse,4800,4800,0,2252,2548,0,0.4691666666666667,0.5308333333333334,7.228637698834273,7.311006822522337,0.08236912368806473,-0.02066437781117547,1.1266454222736775
task3,overall,multi_wall_residual_idw,free_space_rmse,5550,5550,0,4816,734,0,0.8677477477477478,0.13225225225225226,5.190796191773113,5.690876936867674,0.5000807450945618,0.7468703296505887,8.787410985024954
task3,Ant1-f1 source-like,multi_wall_residual_idw,free_space_rmse,250,250,0,250,0,0,1.0,0.0,2.856559186440428,3.5419005161566006,0.6853413297161723,0.6288311865879443,19.349536402559742
task3,Ant1-f2-f3 frequency shift,multi_wall_residual_idw,free_space_rmse,500,500,0,472,28,0,0.944,0.056,5.5711952571501095,6.398248859785144,0.8270536026350365,0.8961883167445994,12.926249365405386
task3,Ant2-Ant5 additional antennas across frequencies,multi_wall_residual_idw,free_space_rmse,4800,4800,0,4094,706,0,0.8529166666666667,0.14708333333333334,5.272746133157419,5.72911821680914,0.4563720836517202,0.7394605144075463,7.965834642977567
task3,overall,multi_wall_residual_idw,high_wall_rmse,5550,5550,0,4699,851,0,0.8466666666666667,0.15333333333333332,5.599664332561322,6.0385302223059245,0.4388658897446025,0.6893020509253556,7.267760093730444
task3,Ant1-f1 source-like,multi_wall_residual_idw,high_wall_rmse,250,250,0,250,0,0,1.0,0.0,3.201495891208814,3.9011374141246433,0.6996415229158301,0.5923291089756798,17.93429578724077
task3,Ant1-f2-f3 frequency shift,multi_wall_residual_idw,high_wall_rmse,500,500,0,465,35,0,0.93,0.07,6.117624689264556,6.908957827856857,0.7913331385923003,0.8244023232379416,11.453726572214014
task3,Ant2-Ant5 additional antennas across frequencies,multi_wall_residual_idw,high_wall_rmse,4800,4800,0,3984,816,0,0.83,0.17,5.670614735058513,6.059183222153811,0.3885684870952993,0.682859971694175,6.412885579604181
task3,overall,multi_wall_residual_idw,los_rmse,5550,5267,283,5210,57,0,0.989177900132903,0.01082209986709702,4.267835690126795,5.9256201149360646,1.65778442480927,1.541556926869938,27.976555915737386
task3,Ant1-f1 source-like,multi_wall_residual_idw,los_rmse,250,238,12,238,0,0,1.0,0.0,1.3119460907450504,2.9881394489886195,1.6761933582435684,1.514726647701477,56.09488401924823
task3,Ant1-f2-f3 frequency shift,multi_wall_residual_idw,los_rmse,500,473,27,472,1,0,0.9978858350951374,0.0021141649048625794,3.5844908001548075,6.009373903349324,2.4248831031945173,2.224820338935599,40.351676267689186
task3,Ant2-Ant5 additional antennas across frequencies,multi_wall_residual_idw,los_rmse,4800,4556,244,4500,56,0,0.9877085162423178,0.012291483757682178,4.493192111902388,6.070375351234576,1.5771832393321878,1.4803514790432923,25.981642782788125
task3,overall,multi_wall_residual_idw,mae,5550,5550,0,4797,753,0,0.8643243243243244,0.13567567567567568,3.735392966395742,4.157722823011267,0.4223298566155248,0.6549336115519203,10.157720333787154
task3,Ant1-f1 source-like,multi_wall_residual_idw,mae,250,250,0,250,0,0,1.0,0.0,1.9211883625984194,2.458319154580434,0.537130791982015,0.5346242984135946,21.849514168297155
task3,Ant1-f2-f3 frequency shift,multi_wall_residual_idw,mae,500,500,0,470,30,0,0.94,0.06,3.9200444399515786,4.661348928133646,0.7413044881820678,0.8341936667760212,15.903218137305965
task3,Ant2-Ant5 additional antennas across frequencies,multi_wall_residual_idw,mae,4800,4800,0,4077,723,0,0.849375,0.150625,3.810648261014786,4.193772378125125,0.3831241171103385,0.6510336001714069,9.135548679483156
task3,overall,multi_wall_residual_idw,nlos_rmse,5550,5550,0,4771,779,0,0.8596396396396396,0.14036036036036037,5.416795872557125,5.899949874702291,0.4831540021451678,0.7124388925473433,8.18912045705382
task3,Ant1-f1 source-like,multi_wall_residual_idw,nlos_rmse,250,250,0,250,0,0,1.0,0.0,3.0700441909051746,3.755990827048945,0.6859466361437703,0.605777876729789,18.26273459466124
task3,Ant1-f2-f3 frequency shift,multi_wall_residual_idw,nlos_rmse,500,500,0,467,33,0,0.934,0.066,5.897777252279109,6.694985338910119,0.7972080866310103,0.8430121051010748,11.907540439226524
task3,Ant2-Ant5 additional antennas across frequencies,multi_wall_residual_idw,nlos_rmse,4800,4800,0,4054,746,0,0.8445833333333334,0.15541666666666668,5.48892029558879,5.928798214245921,0.43987791865713194,0.7087588608326336,7.419343731418908
task3,overall,multi_wall_residual_idw,non_anchor_rmse,5550,5550,0,4834,716,0,0.870990990990991,0.129009009009009,5.340235698565371,5.88562131754933,0.5453856189839605,0.7616526962031909,9.266406884822294
task3,Ant1-f1 source-like,multi_wall_residual_idw,non_anchor_rmse,250,250,0,250,0,0,1.0,0.0,2.9812526366649323,3.6999845954287807,0.7187319587638485,0.6358746874192642,19.425268949817248
task3,Ant1-f2-f3 frequency shift,multi_wall_residual_idw,non_anchor_rmse,500,500,0,473,27,0,0.946,0.054,5.768429376428504,6.633491046050944,0.8650616696224408,0.912432224269043,13.040820642057389
task3,Ant2-Ant5 additional antennas across frequencies,multi_wall_residual_idw,non_anchor_rmse,4800,4800,0,4111,689,0,0.8564583333333333,0.14354166666666668,5.418495891595276,5.921553466774192,0.5030575751789164,0.7572778299796208,8.495364907225271
task3,overall,multi_wall_residual_idw,p90_ae,5550,5550,0,4664,886,0,0.8403603603603603,0.15963963963963965,8.804805737343637,9.286340105698272,0.481534368354637,0.9636735121409097,5.185405260562846
task3,Ant1-f1 source-like,multi_wall_residual_idw,p90_ae,250,250,0,250,0,0,1.0,0.0,4.808398335774738,5.58636879825592,0.7779704624811807,0.7574721177419026,13.926228120206932
task3,Ant1-f2-f3 frequency shift,multi_wall_residual_idw,p90_ae,500,500,0,463,37,0,0.926,0.074,9.56295921166738,10.490682077407836,0.9277228657404581,1.1115096410115566,8.84330359928026
task3,Ant2-Ant5 additional antennas across frequencies,multi_wall_residual_idw,p90_ae,4800,4800,0,3951,849,0,0.823125,0.176875,8.933977635933292,9.353594655907816,0.4196170199745231,0.9636735121409097,4.48615783996466
task3,overall,multi_wall_residual_idw,rmse,5550,5550,0,4829,721,0,0.8700900900900901,0.12990990990990992,5.319527300434667,5.856084536283267,0.5365572358485994,0.7548831747451621,9.162388837186102
task3,Ant1-f1 source-like,multi_wall_residual_idw,rmse,250,250,0,250,0,0,1.0,0.0,2.967056477071201,3.681415882948495,0.714359405877294,0.6318238073789915,19.40447448999307
task3,Ant1-f2-f3 frequency shift,multi_wall_residual_idw,rmse,500,500,0,473,27,0,0.946,0.054,5.7442872017753395,6.600200689236659,0.8559134874613191,0.902508857835834,12.967991849961603
task3,Ant2-Ant5 additional antennas across frequencies,multi_wall_residual_idw,rmse,4800,4800,0,4106,694,0,0.8554166666666667,0.14458333333333334,5.397805999428528,5.891836429378475,0.4940304299499465,0.7504610353657624,8.384999072387032
task3,overall,multi_wall_residual_idw,wall_region_rmse,5550,5550,0,4655,895,0,0.8387387387387387,0.16126126126126125,7.1871465903206815,8.010856836249392,0.823710245928711,0.6360873857885232,10.28242375024597
task3,Ant1-f1 source-like,multi_wall_residual_idw,wall_region_rmse,250,250,0,242,8,0,0.968,0.032,4.4187018711363555,5.388837049061675,0.9701351779253202,0.5943300889496625,18.002681637854376
task3,Ant1-f2-f3 frequency shift,multi_wall_residual_idw,wall_region_rmse,500,500,0,435,65,0,0.87,0.13,8.173054308182373,9.198109352751187,1.0250550445688142,0.6360779054437931,11.144192847220467
task3,Ant2-Ant5 additional antennas across frequencies,multi_wall_residual_idw,wall_region_rmse,4800,4800,0,3978,822,0,0.82875,0.17125,7.228637698834273,8.023748229696482,0.7951105308622103,0.6384659568001569,9.909465104094943
