task,verified_seed,baseline_method,metric,num_candidate_maps,num_valid_maps,num_missing_pairs,mean_wallpath_value,mean_baseline_value,mean_paired_difference,median_paired_difference,wallpath_improvement_percent,wallpath_map_win_rate,winner
task2,11,direct_rf_all_features,rmse,750,750,0,4.817997633338018,4.926085124015347,0.10808749067732971,0.0035486486186683264,2.1941864169254357,0.504,wallpath_extra
task2,11,direct_rf_all_features,non_anchor_rmse,750,750,0,4.838799326164887,4.94517352937508,0.10637420321019352,0.0018706089939137804,2.1510711925135575,0.504,wallpath_extra
task2,11,direct_rf_all_features,mae,750,750,0,3.248854552666346,3.4270805604457855,0.17822600777943928,0.0775566101074221,5.200519936311511,0.6906666666666667,wallpath_extra
task2,11,direct_rf_all_features,p90_ae,750,750,0,7.970702411651612,8.262123429616292,0.291421017964681,-0.02083277702331543,3.52719274224416,0.4706666666666667,wallpath_extra
task2,11,direct_rf_all_features,los_rmse,750,711,39,2.7463180828683655,2.2277830545582247,-0.5185350283101411,-0.2956456421753285,-23.275831425738524,0.28551336146272854,baseline
task2,11,direct_rf_all_features,nlos_rmse,750,750,0,4.9576321288493235,5.078382137296553,0.12075000844722933,0.006416574733214997,2.3777259210255153,0.52,wallpath_extra
task2,11,direct_rf_all_features,high_wall_rmse,750,750,0,5.149886406937307,5.2829922521024475,0.13310584516514096,0.009910113814652455,2.5195161910784294,0.532,wallpath_extra
task2,11,direct_rf_all_features,free_space_rmse,750,750,0,4.665151568263224,4.799014881231133,0.13386331296790868,0.015723431959096312,2.7893914955639416,0.5413333333333333,wallpath_extra
task2,11,direct_rf_all_features,wall_region_rmse,750,750,0,6.932061491520331,6.766674205096611,-0.1653872864237205,-0.08148931119239489,-2.444144367097676,0.3586666666666667,baseline
task2,11,multi_wall_residual_idw,rmse,750,750,0,4.817997633338018,5.6321986127742285,0.8142009794362112,0.7813827843709751,14.456183728846936,0.956,wallpath_extra
task2,11,multi_wall_residual_idw,non_anchor_rmse,750,750,0,4.838799326164887,5.660606659808548,0.8218073336436613,0.7880298806884922,14.51800810465527,0.9573333333333334,wallpath_extra
task2,11,multi_wall_residual_idw,mae,750,750,0,3.248854552666346,3.932383859793345,0.6835293071269989,0.6978018283843994,17.382059623317645,0.9546666666666667,wallpath_extra
task2,11,multi_wall_residual_idw,p90_ae,750,750,0,7.970702411651612,8.881396409988403,0.910693998336792,0.9637069702148429,10.253950575976829,0.9493333333333334,wallpath_extra
task2,11,multi_wall_residual_idw,los_rmse,750,711,39,2.7463180828683655,4.866164516218313,2.1198464333499474,1.8401988546792398,43.562983254774196,0.9817158931082982,wallpath_extra
task2,11,multi_wall_residual_idw,nlos_rmse,750,750,0,4.9576321288493235,5.728374702513085,0.7707425736637609,0.7321915825145817,13.454821196065092,0.952,wallpath_extra
task2,11,multi_wall_residual_idw,high_wall_rmse,750,750,0,5.149886406937307,5.919792044785953,0.7699056378486451,0.7411837199816032,13.00561965731152,0.9453333333333334,wallpath_extra
task2,11,multi_wall_residual_idw,free_space_rmse,750,750,0,4.665151568263224,5.453094268136232,0.7879426998730075,0.7853744312474022,14.44946045545464,0.9546666666666667,wallpath_extra
task2,11,multi_wall_residual_idw,wall_region_rmse,750,750,0,6.932061491520331,7.926984737393953,0.9949232458736224,0.6123418765281117,12.551093244575986,0.9013333333333333,wallpath_extra
task2,11,direct_extra_all_features,rmse,750,750,0,4.817997633338018,5.470230101549173,0.652232468211156,0.06483395444404372,11.923309551940841,0.604,wallpath_extra
task2,11,direct_extra_all_features,non_anchor_rmse,750,750,0,4.838799326164887,5.487023638824001,0.6482243126591131,0.06212236057651532,11.813769273245622,0.6026666666666667,wallpath_extra
task2,11,direct_extra_all_features,mae,750,750,0,3.248854552666346,3.974104702234268,0.725250149567922,0.2426387071609497,18.249397132395167,0.7866666666666666,wallpath_extra
task2,11,direct_extra_all_features,p90_ae,750,750,0,7.970702411651612,9.168002900441488,1.1973004887898764,0.007529258728027344,13.059556173703,0.5133333333333333,wallpath_extra
task2,11,direct_extra_all_features,los_rmse,750,711,39,2.7463180828683655,2.3897579203217005,-0.356560162546665,-0.23568604179723973,-14.92034651353582,0.39943741209563993,baseline
task2,11,direct_extra_all_features,nlos_rmse,750,750,0,4.9576321288493235,5.619691049086255,0.6620589202369322,0.03996305540491374,11.781055478923168,0.5813333333333334,wallpath_extra
task2,11,direct_extra_all_features,high_wall_rmse,750,750,0,5.149886406937307,5.860207585520749,0.7103211785834425,0.03764866862452809,12.121092439429708,0.5773333333333334,wallpath_extra
task2,11,direct_extra_all_features,free_space_rmse,750,750,0,4.665151568263224,5.3721328170773575,0.706981248814133,0.08794758448314388,13.16015952857171,0.6386666666666667,wallpath_extra
task2,11,direct_extra_all_features,wall_region_rmse,750,750,0,6.932061491520331,6.974153760302776,0.04209226878244647,-0.1535248024899989,0.6035466126662677,0.32133333333333336,wallpath_extra
task2,22,direct_rf_all_features,rmse,750,750,0,4.813007502447845,4.930476106133925,0.11746860368608164,0.0020706090669031507,2.382500212097967,0.5066666666666667,wallpath_extra
task2,22,direct_rf_all_features,non_anchor_rmse,750,750,0,4.833668182458915,4.949744050817642,0.11607586835872703,0.0014274036305967908,2.345088294808945,0.504,wallpath_extra
task2,22,direct_rf_all_features,mae,750,750,0,3.2526972444057463,3.4334240784645083,0.1807268340587616,0.08425855636596702,5.263749246483599,0.68,wallpath_extra
task2,22,direct_rf_all_features,p90_ae,750,750,0,7.979425440152486,8.275181327184042,0.2957558870315552,-0.02025771141052246,3.5740109532101116,0.4693333333333333,wallpath_extra
task2,22,direct_rf_all_features,los_rmse,750,711,39,2.826342587528606,2.257214072398614,-0.5691285151299921,-0.3626741259565447,-25.213758946895602,0.2812939521800281,baseline
task2,22,direct_rf_all_features,nlos_rmse,750,750,0,4.948739524916399,5.080010381826542,0.13127085691014354,0.00863737007730081,2.5840667054492035,0.5293333333333333,wallpath_extra
task2,22,direct_rf_all_features,high_wall_rmse,750,750,0,5.138003988207431,5.282621374914058,0.14461738670662658,0.012525274634340722,2.737606510914852,0.5346666666666666,wallpath_extra
task2,22,direct_rf_all_features,free_space_rmse,750,750,0,4.662503118167101,4.80722851649052,0.14472539832341896,0.013946874473299786,3.0105787113501847,0.5413333333333333,wallpath_extra
task2,22,direct_rf_all_features,wall_region_rmse,750,750,0,6.896432173289343,6.7366036673382075,-0.15982850595113451,-0.08424459351700131,-2.372538356769433,0.348,baseline
task2,22,multi_wall_residual_idw,rmse,750,750,0,4.813007502447845,5.613844914374446,0.800837411926602,0.7674031655560525,14.26539963503496,0.9586666666666667,wallpath_extra
task2,22,multi_wall_residual_idw,non_anchor_rmse,750,750,0,4.833668182458915,5.6421603568282634,0.8084921743693486,0.7723944554389448,14.329478838560375,0.9586666666666667,wallpath_extra
task2,22,multi_wall_residual_idw,mae,750,750,0,3.2526972444057463,3.9212750706672668,0.6685778262615204,0.6942881345748899,17.050010881989756,0.9586666666666667,wallpath_extra
task2,22,multi_wall_residual_idw,p90_ae,750,750,0,7.979425440152486,8.83630686378479,0.8568814236323039,0.9336810111999525,9.697280061019544,0.944,wallpath_extra
task2,22,multi_wall_residual_idw,los_rmse,750,711,39,2.826342587528606,5.029667372134179,2.2033247846055732,2.009143325080351,43.80657052616707,0.9859353023909986,wallpath_extra
task2,22,multi_wall_residual_idw,nlos_rmse,750,750,0,4.948739524916399,5.69786201072668,0.7491224858102808,0.7229996173488914,13.147431166286546,0.952,wallpath_extra
task2,22,multi_wall_residual_idw,high_wall_rmse,750,750,0,5.138003988207431,5.887868334083976,0.7498643458765452,0.7224242104521468,12.735752624352926,0.944,wallpath_extra
task2,22,multi_wall_residual_idw,free_space_rmse,750,750,0,4.662503118167101,5.433454204046212,0.7709510858791111,0.773079260544197,14.188968139365109,0.9573333333333334,wallpath_extra
task2,22,multi_wall_residual_idw,wall_region_rmse,750,750,0,6.896432173289343,7.8886351105382575,0.9922029372489151,0.5825642205426884,12.577624942031509,0.8773333333333333,wallpath_extra
task2,22,direct_extra_all_features,rmse,750,750,0,4.813007502447845,5.546630933985563,0.7336234315377178,0.08934415705314347,13.226469189479115,0.624,wallpath_extra
task2,22,direct_extra_all_features,non_anchor_rmse,750,750,0,4.833668182458915,5.562968021391534,0.7292998389326176,0.08749569905533838,13.109905290273264,0.624,wallpath_extra
task2,22,direct_extra_all_features,mae,750,750,0,3.2526972444057463,4.052013782898585,0.7993165384928386,0.2808417081832886,19.72640226117523,0.7813333333333333,wallpath_extra
task2,22,direct_extra_all_features,p90_ae,750,750,0,7.979425440152486,9.3070247631073,1.3275993229548135,0.05035758018493652,14.264486844575384,0.5426666666666666,wallpath_extra
task2,22,direct_extra_all_features,los_rmse,750,711,39,2.826342587528606,2.358467905846688,-0.46787468168191787,-0.27566953357704593,-19.83807710599104,0.36849507735583686,baseline
task2,22,direct_extra_all_features,nlos_rmse,750,750,0,4.948739524916399,5.697717737419006,0.7489782125026077,0.06468162125371091,13.145231951098449,0.6066666666666667,wallpath_extra
task2,22,direct_extra_all_features,high_wall_rmse,750,750,0,5.138003988207431,5.940165277357405,0.8021612891499735,0.053623028325927025,13.50402306494123,0.596,wallpath_extra
task2,22,direct_extra_all_features,free_space_rmse,750,750,0,4.662503118167101,5.45352871713982,0.7910255989727188,0.13227467013877847,14.504839710234137,0.6573333333333333,wallpath_extra
task2,22,direct_extra_all_features,wall_region_rmse,750,750,0,6.896432173289343,6.9940574547937295,0.09762528150438664,-0.14287693553193082,1.3958318491861168,0.3413333333333333,wallpath_extra
task2,33,direct_rf_all_features,rmse,750,750,0,4.824625744836316,4.924275185818682,0.09964944098236582,-0.0024997254374681255,2.0236367226052674,0.492,wallpath_extra
task2,33,direct_rf_all_features,non_anchor_rmse,750,750,0,4.845643880898438,4.943134112392873,0.09749023149443538,-0.003070736147908759,1.9722352110580832,0.492,wallpath_extra
task2,33,direct_rf_all_features,mae,750,750,0,3.259725445429484,3.4216875420411426,0.16196209661165872,0.07817912101745605,4.733398202544326,0.6533333333333333,wallpath_extra
task2,33,direct_rf_all_features,p90_ae,750,750,0,7.984188907305399,8.278879906336467,0.294690999031067,-0.0332493782043457,3.5595515621082745,0.452,wallpath_extra
task2,33,direct_rf_all_features,los_rmse,750,711,39,2.8986782244154576,2.319486248132689,-0.5791919762827689,-0.34706844416388766,-24.970701022653152,0.25738396624472576,baseline
task2,33,direct_rf_all_features,nlos_rmse,750,750,0,4.959227041697975,5.072650895542469,0.11342385384449377,-2.7112407161578034e-06,2.235987774048549,0.5,wallpath_extra
task2,33,direct_rf_all_features,high_wall_rmse,750,750,0,5.148854874593518,5.274833833293577,0.12597895870006,0.002169087487132959,2.3883019386299633,0.5066666666666667,wallpath_extra
task2,33,direct_rf_all_features,free_space_rmse,750,750,0,4.671295014310639,4.798711547546933,0.12741653323629445,0.01118881129680771,2.655223844438594,0.524,wallpath_extra
task2,33,direct_rf_all_features,wall_region_rmse,750,750,0,6.936316822691428,6.749934041194372,-0.18638278149705562,-0.09548328040254228,-2.761253374619286,0.3453333333333333,baseline
task2,33,multi_wall_residual_idw,rmse,750,750,0,4.824625744836316,5.635773734273137,0.8111479894368208,0.7829043007491421,14.392841651962394,0.9533333333333334,wallpath_extra
task2,33,multi_wall_residual_idw,non_anchor_rmse,750,750,0,4.845643880898438,5.664199670893858,0.8185557899954206,0.789133489127106,14.45139362232697,0.9546666666666667,wallpath_extra
task2,33,multi_wall_residual_idw,mae,750,750,0,3.259725445429484,3.9273580803871155,0.6676326349576315,0.6744841337203981,16.999535598542206,0.9506666666666667,wallpath_extra
task2,33,multi_wall_residual_idw,p90_ae,750,750,0,7.984188907305399,8.850029679298402,0.8658407719930014,0.9424407482147208,9.78347873813733,0.936,wallpath_extra
task2,33,multi_wall_residual_idw,los_rmse,750,711,39,2.8986782244154576,5.098307542632831,2.199629318217374,2.0005691345786536,43.14430425830013,0.9873417721518988,wallpath_extra
task2,33,multi_wall_residual_idw,nlos_rmse,750,750,0,4.959227041697975,5.719724791629419,0.7604977499314448,0.7301463226898985,13.296054926355918,0.948,wallpath_extra
task2,33,multi_wall_residual_idw,high_wall_rmse,750,750,0,5.148854874593518,5.9113926909684285,0.7625378163749109,0.7322451386119471,12.89946136618423,0.9466666666666667,wallpath_extra
task2,33,multi_wall_residual_idw,free_space_rmse,750,750,0,4.671295014310639,5.451849763544447,0.7805547492338083,0.7755682666203758,14.317246129070538,0.9533333333333334,wallpath_extra
task2,33,multi_wall_residual_idw,wall_region_rmse,750,750,0,6.936316822691428,7.96943590663184,1.0331190839404112,0.5926550281897973,12.963515812715082,0.8746666666666667,wallpath_extra
task2,33,direct_extra_all_features,rmse,750,750,0,4.824625744836316,5.541002158243054,0.7163764134067379,0.07021499530741093,12.928643464630719,0.6106666666666667,wallpath_extra
task2,33,direct_extra_all_features,non_anchor_rmse,750,750,0,4.845643880898438,5.557010688612439,0.7113668077140016,0.06954320318693519,12.801249584992728,0.608,wallpath_extra
task2,33,direct_extra_all_features,mae,750,750,0,3.259725445429484,4.048661957820257,0.7889365123907724,0.2710529565811157,19.48635180239956,0.7773333333333333,wallpath_extra
task2,33,direct_extra_all_features,p90_ae,750,750,0,7.984188907305399,9.272188114802043,1.287999207496643,0.03488159179687411,13.890995216549726,0.5386666666666666,wallpath_extra
task2,33,direct_extra_all_features,los_rmse,750,711,39,2.8986782244154576,2.3849944098641984,-0.5136838145512594,-0.29225693933205943,-21.53815591460897,0.3656821378340366,baseline
task2,33,direct_extra_all_features,nlos_rmse,750,750,0,4.959227041697975,5.689874600272298,0.7306475585743228,0.04053125904821875,12.841189128128706,0.5746666666666667,wallpath_extra
task2,33,direct_extra_all_features,high_wall_rmse,750,750,0,5.148854874593518,5.929786929956407,0.7809320553628896,0.034868979489528495,13.169647823562363,0.5746666666666667,wallpath_extra
task2,33,direct_extra_all_features,free_space_rmse,750,750,0,4.671295014310639,5.445243993287298,0.7739489789766597,0.10905521133604035,14.213302102362285,0.6493333333333333,wallpath_extra
task2,33,direct_extra_all_features,wall_region_rmse,750,750,0,6.936316822691428,7.025662831613367,0.08934600892193877,-0.1473988018685466,1.2717093185842825,0.344,wallpath_extra
task3,11,direct_rf_all_features,rmse,5550,5550,0,5.2992428670753675,5.858931353879256,0.5596884868038878,0.3509631529624109,9.552740132947847,0.8623423423423423,wallpath_extra
task3,11,direct_rf_all_features,non_anchor_rmse,5550,5550,0,5.3198296282109885,5.877208883198358,0.5573792549873698,0.34930890150847915,9.483740769888136,0.8621621621621621,wallpath_extra
task3,11,direct_rf_all_features,mae,5550,5550,0,3.7138829292477786,4.312487958089726,0.5986050288419466,0.41659796237945534,13.88073508052431,0.9381981981981982,wallpath_extra
task3,11,direct_rf_all_features,p90_ae,5550,5550,0,8.771782145843849,9.769024821358759,0.9972426755149085,0.5219869613647452,10.208211093235864,0.8547747747747748,wallpath_extra
task3,11,direct_rf_all_features,los_rmse,5550,5267,283,4.250905619846181,5.04823162439891,0.7973260045527288,0.8897272241100627,15.79416444956933,0.7704575659768369,wallpath_extra
task3,11,direct_rf_all_features,nlos_rmse,5550,5550,0,5.3961544484032995,5.927484266417726,0.5313298180144268,0.2846314199893163,8.963833460085006,0.8387387387387387,wallpath_extra
task3,11,direct_rf_all_features,high_wall_rmse,5550,5550,0,5.578237667434498,6.101115433639854,0.5228777662053562,0.23384012378102947,8.570199529783583,0.8088288288288288,wallpath_extra
task3,11,direct_rf_all_features,free_space_rmse,5550,5550,0,5.169244020988701,5.772657564555162,0.6034135435664613,0.3854377039149046,10.45295926215155,0.8854054054054054,wallpath_extra
task3,11,direct_rf_all_features,wall_region_rmse,5550,5550,0,7.183644220539597,7.210701516388526,0.027057295848930067,-0.02877030585011431,0.37523805121363835,0.46234234234234234,wallpath_extra
task3,11,multi_wall_residual_idw,rmse,5550,5550,0,5.2992428670753675,5.858212252504198,0.5589693854288315,0.7462816638757881,9.541637641925469,0.8695495495495495,wallpath_extra
task3,11,multi_wall_residual_idw,non_anchor_rmse,5550,5550,0,5.3198296282109885,5.887759756686961,0.5679301284759726,0.7527925703248086,9.645946029488583,0.8718918918918919,wallpath_extra
task3,11,multi_wall_residual_idw,mae,5550,5550,0,3.7138829292477786,4.158060189925872,0.4441772606780937,0.6643209457397463,10.682319167823595,0.8661261261261262,wallpath_extra
task3,11,multi_wall_residual_idw,p90_ae,5550,5550,0,8.771782145843849,9.288723779154253,0.5169416333104039,0.9665679931640625,5.565260046493408,0.8434234234234235,wallpath_extra
task3,11,multi_wall_residual_idw,los_rmse,5550,5267,283,4.250905619846181,5.905190689058868,1.6542850692126874,1.47755088827667,28.01408381744124,0.9722802354281375,wallpath_extra
task3,11,multi_wall_residual_idw,nlos_rmse,5550,5550,0,5.3961544484032995,5.902609845880969,0.506455397477669,0.7034060066187977,8.580194366583287,0.8594594594594595,wallpath_extra
task3,11,multi_wall_residual_idw,high_wall_rmse,5550,5550,0,5.578237667434498,6.041639406982582,0.4634017395480842,0.677778012470045,7.670132365273423,0.8446846846846847,wallpath_extra
task3,11,multi_wall_residual_idw,free_space_rmse,5550,5550,0,5.169244020988701,5.69133271404656,0.5220886930578585,0.7433497441655699,9.1733996111194,0.8643243243243244,wallpath_extra
task3,11,multi_wall_residual_idw,wall_region_rmse,5550,5550,0,7.183644220539597,8.02383114148064,0.8401869209410447,0.610811496410812,10.471144097207443,0.8272072072072072,wallpath_extra
task3,11,direct_extra_all_features,rmse,5550,5550,0,5.2992428670753675,7.655418678950694,2.3561758118753273,1.4234448941602025,30.777883100683404,0.9264864864864865,wallpath_extra
task3,11,direct_extra_all_features,non_anchor_rmse,5550,5550,0,5.3198296282109885,7.669145662171962,2.349316033960973,1.417101297060848,30.633347408551227,0.9263063063063063,wallpath_extra
task3,11,direct_extra_all_features,mae,5550,5550,0,3.7138829292477786,6.069013927595035,2.355130998347257,1.4291815757751467,38.80582622555495,0.9668468468468469,wallpath_extra
task3,11,direct_extra_all_features,p90_ae,5550,5550,0,8.771782145843849,12.404338793367954,3.6325566475241033,2.201198339462281,29.28456492551034,0.9153153153153153,wallpath_extra
task3,11,direct_extra_all_features,los_rmse,5550,5267,283,4.250905619846181,8.68695326664894,4.436047646802759,4.724483893852575,51.065632686590924,0.8765900892348586,wallpath_extra
task3,11,direct_extra_all_features,nlos_rmse,5550,5550,0,5.3961544484032995,7.459085275367493,2.0629308269641933,0.8607516448717543,27.656619421911053,0.8888288288288289,wallpath_extra
task3,11,direct_extra_all_features,high_wall_rmse,5550,5550,0,5.578237667434498,7.6434500597243895,2.0652123922898915,0.7063175245810107,27.01937444678431,0.8571171171171171,wallpath_extra
task3,11,direct_extra_all_features,free_space_rmse,5550,5550,0,5.169244020988701,7.6275597224635465,2.458315701474845,1.5331157483052529,32.22938647382834,0.9378378378378378,wallpath_extra
task3,11,direct_extra_all_features,wall_region_rmse,5550,5550,0,7.183644220539597,8.11784803912033,0.9342038185807352,0.000884268807964661,11.508022989328655,0.5007207207207207,wallpath_extra
task3,22,direct_rf_all_features,rmse,5550,5550,0,5.335455215799356,5.8927369036338595,0.5572816878345034,0.3853173777057992,9.45709433405802,0.867027027027027,wallpath_extra
task3,22,direct_rf_all_features,non_anchor_rmse,5550,5550,0,5.355947497284676,5.911611562885348,0.5556640656006725,0.38443898991268544,9.399536144919887,0.8663063063063063,wallpath_extra
task3,22,direct_rf_all_features,mae,5550,5550,0,3.7484522812645715,4.332508274692673,0.5840559934281014,0.4527345895767213,13.480781948870748,0.9358558558558558,wallpath_extra
task3,22,direct_rf_all_features,p90_ae,5550,5550,0,8.819780102549373,9.816773792000504,0.9969936894511318,0.5813314914703374,10.156021831363388,0.8495495495495495,wallpath_extra
task3,22,direct_rf_all_features,los_rmse,5550,5267,283,4.305241543269265,5.0433448150635956,0.7381032717943308,0.8991524261795591,14.635193484882183,0.7657110309474084,wallpath_extra
task3,22,direct_rf_all_features,nlos_rmse,5550,5550,0,5.431374542247741,5.959727694984743,0.5283531527370006,0.3230855673740849,8.865390832900367,0.8499099099099099,wallpath_extra
task3,22,direct_rf_all_features,high_wall_rmse,5550,5550,0,5.613611426703948,6.131294690990417,0.5176832642864683,0.26441789079156175,8.443294448840872,0.8106306306306307,wallpath_extra
task3,22,direct_rf_all_features,free_space_rmse,5550,5550,0,5.207459962680419,5.806083527075708,0.598623564395289,0.4257782103352423,10.310281648614026,0.8888288288288289,wallpath_extra
task3,22,direct_rf_all_features,wall_region_rmse,5550,5550,0,7.192044095305398,7.258937732839228,0.06689363753382921,-0.01566757280030462,0.9215348029671708,0.4828828828828829,wallpath_extra
task3,22,multi_wall_residual_idw,rmse,5550,5550,0,5.335455215799356,5.8526341932807115,0.517178977481355,0.7351625874562917,8.836687214709546,0.8625225225225225,wallpath_extra
task3,22,multi_wall_residual_idw,non_anchor_rmse,5550,5550,0,5.355947497284676,5.882153572192332,0.5262060749076573,0.7407863168749871,8.945806471209394,0.8637837837837837,wallpath_extra
task3,22,multi_wall_residual_idw,mae,5550,5550,0,3.7484522812645715,4.156661694586814,0.40820941332224253,0.6566528081893919,9.820607095685698,0.8632432432432432,wallpath_extra
task3,22,multi_wall_residual_idw,p90_ae,5550,5550,0,8.819780102549373,9.283457158363618,0.46367705581424473,0.9488539695739746,4.9946592945335055,0.8299099099099099,wallpath_extra
task3,22,multi_wall_residual_idw,los_rmse,5550,5267,283,4.305241543269265,5.92816829244719,1.6229267491779256,1.4981022596798885,27.376529631347054,0.9724700968293146,wallpath_extra
task3,22,multi_wall_residual_idw,nlos_rmse,5550,5550,0,5.431374542247741,5.896218303101156,0.4648437608534134,0.6918620964040372,7.88376103050539,0.8531531531531531,wallpath_extra
task3,22,multi_wall_residual_idw,high_wall_rmse,5550,5550,0,5.613611426703948,6.03326307368825,0.41965164698430196,0.670438620765238,6.9556331600133685,0.8409009009009009,wallpath_extra
task3,22,multi_wall_residual_idw,free_space_rmse,5550,5550,0,5.207459962680419,5.687783073439248,0.4803231107588289,0.7299107060323748,8.444821199349832,0.8572972972972973,wallpath_extra
task3,22,multi_wall_residual_idw,wall_region_rmse,5550,5550,0,7.192044095305398,8.00269587980197,0.8106517844965708,0.6040341479085258,10.12973373813414,0.8223423423423424,wallpath_extra
task3,22,direct_extra_all_features,rmse,5550,5550,0,5.335455215799356,7.809553989387699,2.474098773588343,1.5085263628244325,31.68041064765496,0.9291891891891891,wallpath_extra
task3,22,direct_extra_all_features,non_anchor_rmse,5550,5550,0,5.355947497284676,7.822852591896619,2.4669050946119446,1.5014066886501487,31.534597713975995,0.9288288288288288,wallpath_extra
task3,22,direct_extra_all_features,mae,5550,5550,0,3.7484522812645715,6.258088693199931,2.5096364119353596,1.5426805019378662,40.10228258129902,0.9681081081081081,wallpath_extra
task3,22,direct_extra_all_features,p90_ae,5550,5550,0,8.819780102549373,12.630561367412945,3.810781264863573,2.370746612548828,30.17111555069476,0.918918918918919,wallpath_extra
task3,22,direct_extra_all_features,los_rmse,5550,5267,283,4.305241543269265,8.355267210778434,4.050025667509169,4.430988153369781,48.47272463392396,0.8606417315359788,wallpath_extra
task3,22,direct_extra_all_features,nlos_rmse,5550,5550,0,5.431374542247741,7.6487161247551345,2.2173415825073923,0.9720729198417084,28.989722540897404,0.9025225225225225,wallpath_extra
task3,22,direct_extra_all_features,high_wall_rmse,5550,5550,0,5.613611426703948,7.822637651036092,2.2090262243321437,0.8126969136349862,28.238892338820815,0.867927927927928,wallpath_extra
task3,22,direct_extra_all_features,free_space_rmse,5550,5550,0,5.207459962680419,7.784087085805679,2.5766271231252604,1.609413187287546,33.10121141660596,0.9398198198198198,wallpath_extra
task3,22,direct_extra_all_features,wall_region_rmse,5550,5550,0,7.192044095305398,8.236919025222619,1.0448749299172206,0.03597902067016223,12.685264074075086,0.5205405405405406,wallpath_extra
task3,33,direct_rf_all_features,rmse,5550,5550,0,5.32388381842928,5.8624599236212145,0.5385761051919342,0.3356481771760089,9.186862037587426,0.8554954954954955,wallpath_extra
task3,33,direct_rf_all_features,non_anchor_rmse,5550,5550,0,5.3449299702004485,5.880479507615535,0.5355495374150862,0.33361198906069434,9.107242644439472,0.854954954954955,wallpath_extra
task3,33,direct_rf_all_features,mae,5550,5550,0,3.7438436886748754,4.297756164342434,0.5539124756675583,0.41237616539001465,12.888410940184366,0.9295495495495496,wallpath_extra
task3,33,direct_rf_all_features,p90_ae,5550,5550,0,8.822854963637687,9.823297217300347,1.0004422536626592,0.4980900287628174,10.184383425767946,0.8425225225225226,wallpath_extra
task3,33,direct_rf_all_features,los_rmse,5550,5267,283,4.247359907264938,4.924416506048773,0.6770565987838344,0.8290842465034967,13.748971029404,0.7780520220239225,wallpath_extra
task3,33,direct_rf_all_features,nlos_rmse,5550,5550,0,5.4228586270203305,5.936452613540658,0.5135939865203286,0.27938104697236543,8.651530130112613,0.8309909909909909,wallpath_extra
task3,33,direct_rf_all_features,high_wall_rmse,5550,5550,0,5.607143903545521,6.10714343007061,0.49999952652508917,0.21930685948682893,8.187125982061769,0.7945945945945946,wallpath_extra
task3,33,direct_rf_all_features,free_space_rmse,5550,5550,0,5.195684591650217,5.774343967602973,0.5786593759527559,0.3690486894477929,10.021214170810254,0.881981981981982,wallpath_extra
task3,33,direct_rf_all_features,wall_region_rmse,5550,5550,0,7.185751455117048,7.236380062401713,0.05062860728466403,-0.03923240409823103,0.6996399698202357,0.4493693693693694,wallpath_extra
task3,33,multi_wall_residual_idw,rmse,5550,5550,0,5.32388381842928,5.857407163064892,0.5335233446356116,0.7462481901387474,9.108524126508648,0.8634234234234234,wallpath_extra
task3,33,multi_wall_residual_idw,non_anchor_rmse,5550,5550,0,5.3449299702004485,5.8869506237687,0.5420206535682518,0.7520615101260437,9.207154742895767,0.8650450450450451,wallpath_extra
task3,33,multi_wall_residual_idw,mae,5550,5550,0,3.7438436886748754,4.158446584521113,0.414602895846238,0.6539915204048157,9.970138786668658,0.8601801801801802,wallpath_extra
task3,33,multi_wall_residual_idw,p90_ae,5550,5550,0,8.822854963637687,9.28683937957695,0.4639844159392623,0.9583642482757568,4.99614989529839,0.8295495495495495,wallpath_extra
task3,33,multi_wall_residual_idw,los_rmse,5550,5267,283,4.247359907264938,5.9435013633021345,1.6961414560371966,1.5566169560041612,28.53774824567116,0.9709512056198975,wallpath_extra
task3,33,multi_wall_residual_idw,nlos_rmse,5550,5550,0,5.4228586270203305,5.901021475124752,0.47816284810442067,0.696614537321808,8.103052160038324,0.850990990990991,wallpath_extra
task3,33,multi_wall_residual_idw,high_wall_rmse,5550,5550,0,5.607143903545521,6.0406881862469435,0.4335442827014214,0.669980830108031,7.177067733581893,0.8387387387387387,wallpath_extra
task3,33,multi_wall_residual_idw,free_space_rmse,5550,5550,0,5.195684591650217,5.6935150231172145,0.4978304314669982,0.7377171116731516,8.743815190539959,0.8594594594594595,wallpath_extra
task3,33,multi_wall_residual_idw,wall_region_rmse,5550,5550,0,7.185751455117048,8.006043487465565,0.8202920323485176,0.6109438474052351,10.245910275566002,0.8183783783783783,wallpath_extra
task3,33,direct_extra_all_features,rmse,5550,5550,0,5.32388381842928,7.835648297584545,2.5117644791552665,1.532504404708833,32.0556051492198,0.9293693693693694,wallpath_extra
task3,33,direct_extra_all_features,non_anchor_rmse,5550,5550,0,5.3449299702004485,7.848561595033299,2.5036316248328494,1.5271470924701127,31.899241593735987,0.9286486486486486,wallpath_extra
task3,33,direct_extra_all_features,mae,5550,5550,0,3.7438436886748754,6.263995720878378,2.5201520322035025,1.5462188720703123,40.232339619959234,0.9672072072072072,wallpath_extra
task3,33,direct_extra_all_features,p90_ae,5550,5550,0,8.822854963637687,12.652214575286385,3.829359611648697,2.4056856632232653,30.266318903005327,0.9185585585585586,wallpath_extra
task3,33,direct_extra_all_features,los_rmse,5550,5267,283,4.247359907264938,8.813306697961929,4.565946790696991,4.9054187953866295,51.80741970267371,0.8722232770077843,wallpath_extra
task3,33,direct_extra_all_features,nlos_rmse,5550,5550,0,5.4228586270203305,7.625783911897745,2.202925284877415,0.9453123949580529,28.887853502384345,0.896036036036036,wallpath_extra
task3,33,direct_extra_all_features,high_wall_rmse,5550,5550,0,5.607143903545521,7.792005092061331,2.18486118851581,0.7603223522208249,28.03978132331812,0.8648648648648649,wallpath_extra
task3,33,direct_extra_all_features,free_space_rmse,5550,5550,0,5.195684591650217,7.809507372044902,2.6138227803946856,1.6393825959089683,33.46975239118395,0.9401801801801801,wallpath_extra
task3,33,direct_extra_all_features,wall_region_rmse,5550,5550,0,7.185751455117048,8.274449678463231,1.0886982233461822,0.030928722456951885,13.15734901596962,0.52,wallpath_extra
