fold,anchor_fraction,anchor_seed,model_seed,adapted_method,baseline_method,test_count,adapted_rmse,baseline_rmse,rmse_improvement_percent,adapted_mae,baseline_mae,mae_improvement_percent,adapted_p90_ae,baseline_p90_ae,p90_improvement_percent,adapted_point_wins,baseline_point_wins,ties,adapted_point_win_percent
holdout_Comms,0.01,11,11,bias_calibrated_log_distance,log_distance,1373,10.314470649127893,15.597888053079437,33.87264600163903,8.69856640774475,13.048013061215958,33.33416845204996,16.350480561498895,25.671258900644755,36.30822459942454,854,519,0,62.19956300072833
holdout_Comms,0.01,22,11,bias_calibrated_log_distance,log_distance,1373,9.475787155760845,15.62389119394624,39.35065830826824,8.010752712626507,13.064789804927193,38.68441182570446,15.29614837741516,25.671258900644755,40.41527750307959,935,438,0,68.09905316824472
holdout_Comms,0.01,33,11,bias_calibrated_log_distance,log_distance,1373,10.406259347739303,15.594030494319174,33.26767347588393,8.778210391581641,13.044517738126554,32.705749895799805,16.543553013147378,25.66789076121097,35.54767251017053,846,527,0,61.61689730517116
holdout_Comms,0.05,11,11,bias_calibrated_log_distance,log_distance,1318,9.074409993004522,15.66672088385744,42.07843453473058,7.573328228658427,13.110424183782161,42.2343005649903,14.554767147116085,25.6818798276945,43.32670643750658,963,355,0,73.06525037936267
holdout_Comms,0.05,22,11,bias_calibrated_log_distance,log_distance,1318,9.07119480764778,15.624895529872282,41.94396506328559,7.614370302768437,13.078771204892139,41.78069037617029,14.408337246598183,25.6818798276945,43.896874593032315,939,379,0,71.2443095599393
holdout_Comms,0.05,33,11,bias_calibrated_log_distance,log_distance,1318,9.046782582172051,15.649783558330387,42.192283053292165,7.544075367606762,13.102970807532175,42.42469529680941,14.534053738514926,25.68828722620205,43.42147605820059,965,353,0,73.21699544764795
holdout_Comms,0.1,11,11,bias_calibrated_log_distance,log_distance,1248,9.252840008718229,15.45466325440628,40.12913865282602,7.8044355069419,12.901068685230399,39.50551154047653,15.021981298245732,25.479290719196303,41.04238825247969,860,388,0,68.91025641025641
holdout_Comms,0.1,22,11,bias_calibrated_log_distance,log_distance,1248,9.072951819155842,15.703936622636736,42.224984491611714,7.531538179791672,13.176049030177154,42.839176125239355,14.870671578500641,25.81298469986024,42.39073182970137,931,317,0,74.59935897435898
holdout_Comms,0.1,33,11,bias_calibrated_log_distance,log_distance,1248,8.988551882499166,15.634752972508483,42.50915317751248,7.490542258823063,13.115982379139114,42.88996399738442,14.516332050335617,25.6818798276945,43.47636486219487,921,327,0,73.79807692307693
holdout_Library,0.01,11,11,bias_calibrated_log_distance,log_distance,680,7.37594880593309,15.39802408692252,52.09808242735863,5.990802899999176,13.94012398195609,57.02475166107854,11.971719616259636,22.425448019121085,46.61547182445615,572,108,0,84.11764705882354
holdout_Library,0.01,22,11,bias_calibrated_log_distance,log_distance,680,7.480231764847115,15.398490576655206,51.4223051434179,6.112177818705855,13.945728284170663,56.17168430247141,12.262089542623137,22.48830912574151,45.47349258647822,581,99,0,85.44117647058823
holdout_Library,0.01,33,11,bias_calibrated_log_distance,log_distance,680,7.373124495423691,15.375723409315713,52.04697496732723,5.737699512457579,13.91466272758952,58.765083819954455,11.783414975796635,22.425448019121085,47.45516359026811,548,132,0,80.58823529411765
holdout_Library,0.05,11,11,bias_calibrated_log_distance,log_distance,653,7.236796480479703,15.372248976947382,52.922981592789775,5.772407556577058,13.909150869749745,58.49920954462322,11.57391745033927,22.393825198993298,48.31647854936561,541,112,0,82.84839203675345
holdout_Library,0.05,22,11,bias_calibrated_log_distance,log_distance,653,7.794947761397082,15.474774429101458,49.62803627858959,6.467670272195394,14.031929008219594,53.90747581172356,13.065910258175522,22.510573823594434,41.95656512105212,565,88,0,86.52373660030628
holdout_Library,0.05,33,11,bias_calibrated_log_distance,log_distance,653,7.379094111540262,15.43439095390587,52.19057147394023,5.989472689175417,13.994240228880475,57.200443959689196,11.98369192697089,22.510573823594434,46.764165050247655,557,96,0,85.29862174578867
holdout_Library,0.1,11,11,bias_calibrated_log_distance,log_distance,618,7.3794392299998846,15.448290178817569,52.23135282558036,5.902583720504582,13.951370665563271,57.69172892041233,11.606101616715021,22.674723230869365,48.81480360953436,508,110,0,82.20064724919094
holdout_Library,0.1,22,11,bias_calibrated_log_distance,log_distance,618,7.235318520453547,15.409460722094988,53.0462574197738,5.838993405933382,13.96591363209866,58.1911104439792,11.36818701593404,22.438302266766936,49.33579697439362,513,105,0,83.00970873786407
holdout_Library,0.1,33,11,bias_calibrated_log_distance,log_distance,618,7.384710092450918,15.432101197075712,52.14708614112591,5.880117016058307,13.918434762042448,57.753029585667036,11.648647848845297,22.90254417070626,49.13819284870271,504,114,0,81.55339805825243
holdout_SSE,0.01,11,11,bias_calibrated_log_distance,log_distance,212,7.339344013150714,7.675679706434491,4.381835956518981,5.99705694262686,6.2481766384314215,4.019087652867704,12.29769627353842,12.667775106154771,2.9214193456635,119,93,0,56.132075471698116
holdout_SSE,0.01,22,11,bias_calibrated_log_distance,log_distance,212,10.054483501647292,7.615935589324909,-32.01901964271392,8.169026119509846,6.184138908417275,-32.096420220945035,16.597945672819073,12.385762422475265,-34.008267772845045,86,126,0,40.56603773584906
holdout_SSE,0.01,33,11,bias_calibrated_log_distance,log_distance,212,7.772545389633884,7.673682822429272,-1.288332727483197,6.31335351630982,6.237079609165098,-1.222910591563408,12.550889279283599,12.667775106154771,0.9227020995532367,81,131,0,38.20754716981132
holdout_SSE,0.05,11,11,bias_calibrated_log_distance,log_distance,203,7.505102712508744,7.718350248787974,2.7628642055044925,6.119672105225,6.267864809035869,2.3643251462161676,12.340554629754434,12.751973626932505,3.226316248875729,105,98,0,51.724137931034484
holdout_SSE,0.05,22,11,bias_calibrated_log_distance,log_distance,203,8.005457950091367,7.6500459147182625,-4.6458810749006325,6.368792913383194,6.209204099971168,-2.5701975783461046,14.028133175457299,12.63978109969618,-10.983988289120695,98,105,0,48.275862068965516
holdout_SSE,0.05,33,11,bias_calibrated_log_distance,log_distance,203,7.39285346803322,7.589058802919257,2.5853711241578923,5.986010466132513,6.149188651671098,2.653653917321915,12.402774379195707,12.355695796923099,-0.38102736621543964,104,99,0,51.231527093596064
holdout_SSE,0.1,11,11,bias_calibrated_log_distance,log_distance,193,8.213424579522014,7.332017520066102,-12.021344153143351,6.521932642218108,5.984865465484594,-8.973755213560631,13.72340016010917,12.08748074967539,-13.533998062232392,87,106,0,45.07772020725388
holdout_SSE,0.1,22,11,bias_calibrated_log_distance,log_distance,193,7.553034581839529,7.589597640525625,0.48175226695632706,6.0908771592260385,6.120115945650159,0.4777488969780405,12.2594911656161,12.355695796923099,0.7786257681332466,121,72,0,62.69430051813472
holdout_SSE,0.1,33,11,bias_calibrated_log_distance,log_distance,193,7.30281029053894,7.636888504901864,4.374533085673452,5.936480468387121,6.216680507355947,4.507229197918034,12.385684946653315,12.751973626932505,2.8724077620861674,113,80,0,58.549222797927456
holdout_Comms,0.01,11,11,bias_calibrated_multi_wall,multi_wall_linear,1373,8.513861047674826,9.453277323666729,9.937466593093905,6.641899601072356,7.417627919244001,10.457902804198719,14.263086478694628,15.217361166037023,6.270960365140043,832,541,0,60.5972323379461
holdout_Comms,0.01,22,11,bias_calibrated_multi_wall,multi_wall_linear,1373,9.069727706370589,9.483482242439088,4.362896723915666,7.099208490173589,7.441411751077647,4.5986335973748655,14.666627806680165,15.269720062442362,3.949596019416049,911,462,0,66.3510560815732
holdout_Comms,0.01,33,11,bias_calibrated_multi_wall,multi_wall_linear,1373,9.928399317985216,9.50023972815149,-4.506829323106302,7.851883138148888,7.462204871916634,-5.222025834465825,15.88300926699856,15.269720062442362,-4.01637490437466,386,987,0,28.11361981063365
holdout_Comms,0.05,11,11,bias_calibrated_multi_wall,multi_wall_linear,1318,8.725594400561597,9.389509918174477,7.070821836268526,6.853019273585972,7.376338339057731,7.094564286738078,14.591027255697483,15.21442945679717,4.0974405439908015,724,594,0,54.93171471927162
holdout_Comms,0.05,22,11,bias_calibrated_multi_wall,multi_wall_linear,1318,8.507119695400693,9.436301939618977,9.846889704928229,6.631231393274947,7.388763381875265,10.252486775507705,14.308818460110466,15.145127881216654,5.5219700200973465,772,546,0,58.573596358118365
holdout_Comms,0.05,33,11,bias_calibrated_multi_wall,multi_wall_linear,1318,8.563151815052715,9.492411470756522,9.789500366335762,6.705286037760733,7.459085744085842,10.105792213513313,14.391392163300505,15.27768992571618,5.801255076684161,778,540,0,59.028831562974204
holdout_Comms,0.1,11,11,bias_calibrated_multi_wall,multi_wall_linear,1248,8.527425758148473,9.47892216055988,10.038023166498995,6.654038465289636,7.431937165003267,10.466970891206245,14.41785158877833,15.298633527608079,5.757258890085054,764,484,0,61.21794871794872
holdout_Comms,0.1,22,11,bias_calibrated_multi_wall,multi_wall_linear,1248,8.51286719546756,9.440140798560071,9.822667086003104,6.692625275002386,7.430896025263194,9.935151127816507,14.011462532731262,15.137462442580125,7.438498454546393,733,515,0,58.733974358974365
holdout_Comms,0.1,33,11,bias_calibrated_multi_wall,multi_wall_linear,1248,8.584508201679446,9.48618544237647,9.5051614389602,6.683985508701264,7.449837662383661,10.280118687007121,14.667313477555771,15.279295554522049,4.005302959043529,733,515,0,58.733974358974365
holdout_Library,0.01,11,11,bias_calibrated_multi_wall,multi_wall_linear,680,8.172449409105605,11.30263012132521,27.694268312945535,6.6034097436309525,9.563522249107622,30.952116054865453,13.672782231802596,18.100921561335486,24.463612609601196,544,136,0,80.0
holdout_Library,0.01,22,11,bias_calibrated_multi_wall,multi_wall_linear,680,7.972753882923636,11.3069871711766,29.4882556933688,6.4126866258283695,9.576462832559272,33.03700188731789,13.291846988547137,18.100921561335486,26.568120062244695,540,140,0,79.41176470588235
holdout_Library,0.01,33,11,bias_calibrated_multi_wall,multi_wall_linear,680,8.857245134168028,11.239282958790008,21.19385937124252,7.048986429918069,9.502720138508064,25.821382433927315,14.82302999087936,17.96114847546031,17.47170281938513,421,259,0,61.911764705882355
holdout_Library,0.05,11,11,bias_calibrated_multi_wall,multi_wall_linear,653,7.260406083925297,11.252263230491145,35.4760377072303,5.7330364574260075,9.504727790906353,39.68226567297288,11.860370005906125,18.022626665505534,34.19177888977571,485,168,0,74.27258805513017
holdout_Library,0.05,22,11,bias_calibrated_multi_wall,multi_wall_linear,653,7.4881186017896475,11.31136006464512,33.80001556846756,5.983242139042272,9.569836552729976,37.47811568071725,12.408426476743683,18.085282091281446,31.38936725390898,505,148,0,77.33537519142419
holdout_Library,0.05,33,11,bias_calibrated_multi_wall,multi_wall_linear,653,7.622226531121249,11.366773955110569,32.942921525291254,6.106326683913669,9.647050858596298,36.70265894294067,12.683436116008709,18.22283359845671,30.398112634454016,510,143,0,78.1010719754977
holdout_Library,0.1,11,11,bias_calibrated_multi_wall,multi_wall_linear,618,7.249188172405719,11.225549057710008,35.4224177798521,5.721058203605758,9.478581032945907,39.64225041996951,12.017571560469943,17.97482658394194,33.14221139020053,453,165,0,73.30097087378641
holdout_Library,0.1,22,11,bias_calibrated_multi_wall,multi_wall_linear,618,7.30999258001624,11.282571904582538,35.20987376072288,5.764445629992595,9.52964389201833,39.51037735186855,12.262823495002495,18.173388947692082,32.5231879959307,456,162,0,73.7864077669903
holdout_Library,0.1,33,11,bias_calibrated_multi_wall,multi_wall_linear,618,7.422488035834941,11.328486069196797,34.47943537647654,5.877635644399846,9.534467681713616,38.35381438575009,12.106010067473985,18.254174453507087,33.68086791156904,449,169,0,72.65372168284789
holdout_SSE,0.01,11,11,bias_calibrated_multi_wall,multi_wall_linear,212,9.00836078199807,9.83187858157059,8.375996435881213,7.368091797246842,7.832431440440264,5.928422696379479,14.872012688921723,16.487217287035126,9.796708383188069,121,91,0,57.07547169811321
holdout_SSE,0.01,22,11,bias_calibrated_multi_wall,multi_wall_linear,212,12.112874101522907,9.728951387861414,-24.503388069508265,10.166662835684011,7.7508037029141414,-31.16914355425563,19.561250877158276,16.17255721630917,-20.9533570697885,87,125,0,41.0377358490566
holdout_SSE,0.01,33,11,bias_calibrated_multi_wall,multi_wall_linear,212,9.225324099036461,9.809692406832125,5.957050267841945,7.4165688314914835,7.789493220495671,4.787530824507951,14.798470041508935,16.487217287035126,10.242766963798996,128,84,0,60.37735849056604
holdout_SSE,0.05,11,11,bias_calibrated_multi_wall,multi_wall_linear,203,9.069292782458595,9.859421111922114,8.013942405889201,7.388223450595373,7.851307571926004,5.898178323652542,14.75762972650895,16.46106068411043,10.348245415593237,119,84,0,58.620689655172406
holdout_SSE,0.05,22,11,bias_calibrated_multi_wall,multi_wall_linear,203,9.85526362482102,9.664302283853456,-1.975945447056348,8.037158592547675,7.735682388276639,-3.897215386297663,16.07874398749127,15.345751019697369,-4.776520659386762,98,105,0,48.275862068965516
holdout_SSE,0.05,33,11,bias_calibrated_multi_wall,multi_wall_linear,203,8.979795689664265,9.775830147675387,8.14288347880526,7.35581074370433,7.754634324168029,5.143035297238044,15.354874036976266,16.46106068411043,6.720020467465653,110,93,0,54.187192118226605
holdout_SSE,0.1,11,11,bias_calibrated_multi_wall,multi_wall_linear,193,9.880865702296562,9.523229798569801,-3.755405584988308,8.16409091901943,7.50602989957848,-8.767098296236528,15.872185939442867,16.09330657190551,1.3739913017543626,87,106,0,45.07772020725388
holdout_SSE,0.1,22,11,bias_calibrated_multi_wall,multi_wall_linear,193,9.002381814294045,9.780681940605271,7.957524138271503,7.259535049810712,7.699900251666592,5.71910268266873,14.72312275357901,16.46106068411043,10.557873297976592,115,78,0,59.58549222797927
holdout_SSE,0.1,33,11,bias_calibrated_multi_wall,multi_wall_linear,193,9.033346613563875,9.828539919428893,8.09065550309353,7.3684622651944816,7.894140462187244,6.659093532864653,14.691744879179709,16.302559395303106,9.880746188770125,116,77,0,60.10362694300518
holdout_Comms,0.01,11,11,direct_extra_with_anchors,direct_extra,1373,7.841727390309449,10.761085977561224,27.128847342537327,6.058597063278571,8.387056189376313,27.76253161445546,12.907661904761905,18.960607142857114,31.923794383216723,852,521,0,62.05389657683904
holdout_Comms,0.01,22,11,direct_extra_with_anchors,direct_extra,1373,8.033507063126823,10.813060685601588,25.70552134397943,6.327119192328815,8.42910957859048,24.937276786632566,13.343950000000044,18.960607142857114,29.622770518574825,832,541,0,60.5972323379461
holdout_Comms,0.01,33,11,direct_extra_with_anchors,direct_extra,1373,7.9496498985286,10.776363716819745,26.230683118826164,6.0934936516208245,8.391869455990198,27.388126286077657,12.797333333333325,18.960607142857114,32.50567749802059,845,528,0,61.54406409322652
holdout_Comms,0.05,11,11,direct_extra_with_anchors,direct_extra,1318,7.583954264189213,10.810841567237274,29.848622634775108,5.99252151172383,8.40878281957296,28.734971037958605,12.294806547619135,19.093294444444414,35.60667812779391,841,477,0,63.80880121396054
holdout_Comms,0.05,22,11,direct_extra_with_anchors,direct_extra,1318,7.8044264852844245,10.801846091652967,27.749141960879935,6.166683684355393,8.395178795623375,26.544939250486895,12.915033333333316,18.960607142857114,31.88491678549071,776,542,0,58.877086494688925
holdout_Comms,0.05,33,11,direct_extra_with_anchors,direct_extra,1318,7.520911694266844,10.800877760536594,30.36758807005329,5.878267235699371,8.415946799896123,30.1532272545743,12.649541666666657,19.093294444444414,33.7487739296489,820,498,0,62.2154779969651
holdout_Comms,0.1,11,11,direct_extra_with_anchors,direct_extra,1248,7.45572238205518,10.631324153162526,29.87023747331316,5.84345203449951,8.291641857157765,29.525995753722214,12.04831388888889,18.703925000000005,35.58403442652338,750,498,0,60.09615384615385
holdout_Comms,0.1,22,11,direct_extra_with_anchors,direct_extra,1248,7.223586752170155,10.834432890188275,33.327504767583385,5.649363959148676,8.437893385393709,33.047696846609554,11.881823214285717,18.996979761904726,37.454146063192994,788,460,0,63.141025641025635
holdout_Comms,0.1,33,11,direct_extra_with_anchors,direct_extra,1248,7.445196433846399,10.762585640421255,30.823347821880944,5.79481988239362,8.38720599900258,30.90881655842543,12.159800000000034,19.093294444444414,36.31376693330062,766,482,0,61.37820512820513
holdout_Library,0.01,11,11,direct_extra_with_anchors,direct_extra,680,10.980303274036439,12.18360215826004,9.876380306852093,9.280961823909342,10.487748294990045,11.506630757501872,17.433991666666643,18.85884583333335,7.555362503405448,430,250,0,63.23529411764706
holdout_Library,0.01,22,11,direct_extra_with_anchors,direct_extra,680,11.116361223887495,12.21858839773986,9.020904362866087,9.494370715762988,10.523399354837062,9.778481309854337,17.242875595238075,18.882550000000005,8.683543296651827,464,216,0,68.23529411764706
holdout_Library,0.01,33,11,direct_extra_with_anchors,direct_extra,680,10.124006215010121,12.17645418536616,16.855875603118516,8.420969838106224,10.473322246426681,19.59600172734764,16.131220238095253,18.85884583333335,14.463375008967786,488,192,0,71.76470588235294
holdout_Library,0.05,11,11,direct_extra_with_anchors,direct_extra,653,7.259121609786038,12.15466385158506,40.27706814088985,5.907340230096863,10.448013775428999,43.45968183934266,11.724209090909092,18.856450000000013,37.823879410445315,536,117,0,82.08269525267994
holdout_Library,0.05,22,11,direct_extra_with_anchors,direct_extra,653,8.645914478493854,12.313249590743014,29.78364959812257,7.036828464255234,10.616356702771352,33.71710595953976,14.000683333333365,19.032175,26.436766510746324,498,155,0,76.26339969372128
holdout_Library,0.05,33,11,direct_extra_with_anchors,direct_extra,653,8.186181219587736,12.271255583876036,33.28978307367286,6.642842604019907,10.591757158152282,37.28290306479475,13.27590000000002,18.874975000000013,29.6640128000169,510,143,0,78.1010719754977
holdout_Library,0.1,11,11,direct_extra_with_anchors,direct_extra,618,7.0361435780551815,12.26859827180153,42.649164784967816,5.664287335250877,10.543945475779536,46.27924292417583,11.359033333333318,19.057325,40.39544724491334,491,127,0,79.44983818770227
holdout_Library,0.1,22,11,direct_extra_with_anchors,direct_extra,618,7.846915694947618,12.231845317829105,35.84847182861302,6.210537668051922,10.524287687686174,40.98852243160844,12.641974206349275,18.940637499999976,33.25475868302062,463,155,0,74.91909385113269
holdout_Library,0.1,33,11,direct_extra_with_anchors,direct_extra,618,6.944526446979476,12.294433658600461,43.51487315463698,5.560006554709224,10.554408485409878,47.32052902448088,11.401671428571419,19.0207375,40.05662804309549,490,128,0,79.28802588996764
holdout_SSE,0.01,11,11,direct_extra_with_anchors,direct_extra,212,9.835980469155892,9.94975118450474,1.1434528687112138,7.746721892115246,7.843457413246472,1.2333275497595433,15.517378571428578,16.424930952380997,5.525456293141116,97,89,26,45.75471698113208
holdout_SSE,0.01,22,11,direct_extra_with_anchors,direct_extra,212,9.612398326443786,9.93073295450037,3.2055501795798595,7.578767621372943,7.839199571642244,3.322175279366462,15.646025000000014,16.424930952380997,4.742217514576954,110,81,21,51.886792452830186
holdout_SSE,0.01,33,11,direct_extra_with_anchors,direct_extra,212,9.806346679159414,9.966802833301085,1.6099059731126002,7.712437019111189,7.860154358028607,1.8793185501062781,15.721041666666691,16.424930952380997,4.285493118692644,131,79,2,61.79245283018868
holdout_SSE,0.05,11,11,direct_extra_with_anchors,direct_extra,203,9.49508701829267,9.952165014593902,4.592749372935138,7.54851052559924,7.8705276270019064,4.091429655845467,15.0983714285714,16.384361904761946,7.848889591585406,122,81,0,60.09852216748769
holdout_SSE,0.05,22,11,direct_extra_with_anchors,direct_extra,203,8.106943124437715,9.829073813350117,17.520782950814322,6.359278071232617,7.784977525944783,18.313469113568747,12.526281746031732,15.952180952380946,21.47605532168867,122,75,6,60.09852216748769
holdout_SSE,0.05,33,11,direct_extra_with_anchors,direct_extra,203,8.908744856383525,9.982944096191606,10.76034513924482,6.9419274572146294,7.867978464393348,11.769872164363129,13.598157142857175,16.507814285714307,17.62593819204229,124,79,0,61.083743842364534
holdout_SSE,0.1,11,11,direct_extra_with_anchors,direct_extra,193,8.001797017796015,9.676966174184619,17.310891928686043,6.237121278255811,7.585209153332482,17.77258672536936,12.804707783882824,15.516838095238104,17.478627376975684,118,75,0,61.13989637305699
holdout_SSE,0.1,22,11,direct_extra_with_anchors,direct_extra,193,8.12170922970602,9.840401427752917,17.46567160562844,6.36046155278608,7.709997764085901,17.50371728492741,12.69533589743588,15.952180952380946,20.416299593560996,124,69,0,64.24870466321244
holdout_SSE,0.1,33,11,direct_extra_with_anchors,direct_extra,193,8.514294539791134,9.930859614631434,14.264274491940574,6.727163273461396,7.875138223925663,14.577203825789042,13.386986144342812,16.384361904761946,18.294125690350977,130,63,0,67.35751295336787
holdout_Comms,0.01,11,11,direct_rf_with_anchors,direct_rf,1373,8.041747083951376,10.032905847967253,19.846281767104408,6.22430287882992,7.896824636145197,21.17967454487772,13.238373051948013,17.4730496031746,24.23547490220144,865,508,0,63.00072833211945
holdout_Comms,0.01,22,11,direct_rf_with_anchors,direct_rf,1373,8.077909138052354,10.07425031477666,19.816275299375118,6.337395623101105,7.935148891995763,20.135139121413623,13.112701587301574,17.4730496031746,24.954705188273575,765,608,0,55.717407137654774
holdout_Comms,0.01,33,11,direct_rf_with_anchors,direct_rf,1373,7.832022260838042,10.038041160818741,21.976587509836108,5.987063055814056,7.893085862102617,24.14800547704699,12.767349206349186,17.4730496031746,26.931191198418265,823,550,0,59.94173343044428
holdout_Comms,0.05,11,11,direct_rf_with_anchors,direct_rf,1318,7.5398218432503255,10.068529108453296,25.114962056174907,5.952004369429255,7.905479191269028,24.710391041155738,12.676494246031735,17.4730496031746,27.45116316885749,836,482,0,63.42943854324734
holdout_Comms,0.05,22,11,direct_rf_with_anchors,direct_rf,1318,7.851310149436834,10.04736235223407,21.857002124631588,6.294915542095736,7.891333862520892,20.23001875522194,13.096993452380943,17.4730496031746,25.044604406082566,801,517,0,60.77389984825493
holdout_Comms,0.05,33,11,direct_rf_with_anchors,direct_rf,1318,7.327229599043742,10.060826140145306,27.170696551387614,5.706815462033997,7.903739640028244,27.79600895338193,12.195167857142833,17.4730496031746,30.20584194457305,836,482,0,63.42943854324734
holdout_Comms,0.1,11,11,direct_rf_with_anchors,direct_rf,1248,7.448150697748639,9.937548485401592,25.050421553262513,5.807819819131345,7.830891090824687,25.83449633291079,12.267644155844144,17.061240079365106,28.096409764016077,730,518,0,58.493589743589745
holdout_Comms,0.1,22,11,direct_rf_with_anchors,direct_rf,1248,7.458749670482061,10.11483844514427,26.25932968743847,5.895525452430536,7.965778239666765,25.98933493939237,12.332632936507954,17.50077876984128,29.53094774410543,768,480,0,61.53846153846154
holdout_Comms,0.1,33,11,direct_rf_with_anchors,direct_rf,1248,7.444597060953777,10.015378449463634,25.6683399582123,5.738814810980928,7.87538143291449,27.129690671285616,11.976570598845557,17.474149603174602,31.461210583491155,749,499,0,60.016025641025635
holdout_Library,0.01,11,11,direct_rf_with_anchors,direct_rf,680,11.605434614335307,12.564254699761992,7.631332763771883,9.8376791505178,10.72420374755935,8.26657734140223,18.56121423160172,19.74818115079365,6.010512614445131,495,185,0,72.79411764705883
holdout_Library,0.01,22,11,direct_rf_with_anchors,direct_rf,680,11.631822502612216,12.588245555639073,7.597747031542566,9.904689738333985,10.744944083714207,7.819997375824138,18.13347440476192,19.845858441558438,8.628420089960338,464,216,0,68.23529411764706
holdout_Library,0.01,33,11,direct_rf_with_anchors,direct_rf,680,10.629432675977885,12.545857144258019,15.275357006254787,8.92863833272291,10.69188182795526,16.49142333973548,16.58587603519667,19.74818115079365,16.013146180147793,519,161,0,76.3235294117647
holdout_Library,0.05,11,11,direct_rf_with_anchors,direct_rf,653,7.993193479500235,12.533538903295176,36.22556612962078,6.567246038176681,10.688871234053732,38.55996676941849,12.70006659451663,19.736930158730154,35.65328299599286,523,130,0,80.09188361408881
holdout_Library,0.05,22,11,direct_rf_with_anchors,direct_rf,653,9.373806868553867,12.682715079690878,26.08990417545247,7.733833564221239,10.844354818930139,28.68332239811175,15.10647936507937,19.9528728778468,24.28920157231226,506,147,0,77.4885145482389
holdout_Library,0.05,33,11,direct_rf_with_anchors,direct_rf,653,8.603743680617603,12.650991059333306,31.991544059544918,7.041620872844821,10.82591419763634,34.95587768114546,14.0671249278499,19.85981197691198,29.167884649645064,509,144,0,77.947932618683
holdout_Library,0.1,11,11,direct_rf_with_anchors,direct_rf,618,7.5441411565325405,12.638665912474833,40.30903887501138,6.192093239938185,10.76943428488741,42.503077913503226,11.997746428571451,19.92064578157349,39.77230176107386,503,115,0,81.3915857605178
holdout_Library,0.1,22,11,direct_rf_with_anchors,direct_rf,618,7.94017004831226,12.613020925822019,37.0478325929299,6.416974320416152,10.755630071372234,40.33846201631723,13.005457287157293,19.875051948051947,34.56390795279394,452,166,0,73.13915857605178
holdout_Library,0.1,33,11,direct_rf_with_anchors,direct_rf,618,7.176819342227664,12.651053119717718,43.27097298293693,5.871002568754858,10.775514659605049,45.51533959891577,11.716683333333325,19.98700662525881,41.37849877666908,492,126,0,79.6116504854369
holdout_SSE,0.01,11,11,direct_rf_with_anchors,direct_rf,212,10.08339243847147,10.198514278359637,1.1288099104047433,7.9441692075813295,8.036861686060623,1.153341715959385,15.962582936507918,16.606256746031747,3.876092122191488,107,102,3,50.47169811320755
holdout_SSE,0.01,22,11,direct_rf_with_anchors,direct_rf,212,9.825201070170277,10.188556086387273,3.566305305051689,7.730982051529384,8.035137449957654,3.7853166834112164,15.820098519536028,16.606256746031747,4.73410858641325,115,84,13,54.24528301886793
holdout_SSE,0.01,33,11,direct_rf_with_anchors,direct_rf,212,10.214287244546389,10.21509949591918,0.007951477840380559,8.029531316947168,8.046821743193245,0.21487273855299993,16.60478293650792,16.606256746031747,0.008875025518190055,95,116,1,44.81132075471698
holdout_SSE,0.05,11,11,direct_rf_with_anchors,direct_rf,203,9.678627996365057,10.222248952486234,5.318017186315534,7.671851131192938,8.08230457069906,5.078420837964305,15.786524603174582,16.57372380952381,4.749682180035341,123,80,0,60.591133004926114
holdout_SSE,0.05,22,11,direct_rf_with_anchors,direct_rf,203,8.291537874659225,10.063764301220708,17.609975487467615,6.631329306547837,7.996325853975885,17.070296688189025,13.265310425685389,16.224242460317438,18.237720755648493,141,60,2,69.45812807881774
holdout_SSE,0.05,33,11,direct_rf_with_anchors,direct_rf,203,8.693160205883824,10.26182117032046,15.286379857929724,6.856007095499663,8.083712832075443,15.187399182518638,13.99232850877194,17.180029365079363,18.55468805418248,133,70,0,65.51724137931035
holdout_SSE,0.1,11,11,direct_rf_with_anchors,direct_rf,193,7.848102427728118,9.8909767914348,20.653919292134347,6.138810723749752,7.772206751740241,21.01585920401259,12.81616313131313,16.224242460317438,21.00609219407355,134,59,0,69.43005181347151
holdout_SSE,0.1,22,11,direct_rf_with_anchors,direct_rf,193,8.05582777292345,10.059400761670362,19.917418902139644,6.298219690855363,7.844377584338149,19.71039610038404,13.09704444444446,16.304325793650786,19.671352190811238,128,65,0,66.32124352331607
holdout_SSE,0.1,33,11,direct_rf_with_anchors,direct_rf,193,8.682242212747969,10.168913647532163,14.619766538631055,6.938067128669016,8.06794519175008,14.004533201792535,13.942693685300211,16.57372380952381,15.874707183860037,127,66,0,65.80310880829016
holdout_Comms,0.01,11,11,wallpath_fewshot_residual_extra,wallpath_residual_extra,1373,9.27424833917947,10.65771562573361,12.980898863670992,7.11169586134791,8.312829846253031,14.449158795744221,14.96617153355131,17.05690439693809,12.257399201710308,815,558,0,59.359067734887105
holdout_Comms,0.01,22,11,wallpath_fewshot_residual_extra,wallpath_residual_extra,1373,9.104200538726596,10.674591563902649,14.711485828521148,7.168727445800795,8.334384116751885,13.98611648589788,14.68108582284414,17.05690439693809,13.928779330676418,807,566,0,58.77640203932993
holdout_Comms,0.01,33,11,wallpath_fewshot_residual_extra,wallpath_residual_extra,1373,10.293464702248324,10.681203150232491,3.630100865329277,8.08420590273116,8.35016340842704,3.1850574975272217,16.150934235088357,17.084680815539304,5.46540254706814,840,531,2,61.17989803350328
holdout_Comms,0.05,11,11,wallpath_fewshot_residual_extra,wallpath_residual_extra,1318,7.404761595601783,10.506889804391129,29.52470489880724,5.8154049020637295,8.199848555279853,29.07911819518653,12.31525827803155,16.81407581536502,26.756258189476966,852,466,0,64.64339908952958
holdout_Comms,0.05,22,11,wallpath_fewshot_residual_extra,wallpath_residual_extra,1318,7.799390547587481,10.654939634714326,26.800237120286663,6.1904342093668365,8.306158648612028,25.471755702604266,13.262165675909218,17.073641875075612,22.323744559328322,803,515,0,60.925644916540215
holdout_Comms,0.05,33,11,wallpath_fewshot_residual_extra,wallpath_residual_extra,1318,8.183082554037986,10.684091256497766,23.40871715166918,6.31322041057742,8.353612480021846,24.425266007061534,13.033332128347881,17.246366639108253,24.42853384090072,881,437,0,66.84370257966617
holdout_Comms,0.1,11,11,wallpath_fewshot_residual_extra,wallpath_residual_extra,1248,7.576995756620128,10.692838104032134,29.13952607434561,5.971287033390287,8.365094198468931,28.616619350404733,12.289159328190971,17.13313000279955,28.272537906483375,805,443,0,64.50320512820514
holdout_Comms,0.1,22,11,wallpath_fewshot_residual_extra,wallpath_residual_extra,1248,7.189920965276892,10.654624588971252,32.51830784616027,5.664318286105605,8.309679416643883,31.834695394382468,11.651299851186213,17.3040288443532,32.66712650569602,831,417,0,66.58653846153845
holdout_Comms,0.1,33,11,wallpath_fewshot_residual_extra,wallpath_residual_extra,1248,7.440554491421499,10.670210618151474,30.26796979279765,5.748072987499332,8.338632034008612,31.066954818774107,12.178933031884682,17.13313000279955,28.91588968335239,822,426,0,65.86538461538461
holdout_Library,0.01,11,11,wallpath_fewshot_residual_extra,wallpath_residual_extra,680,11.040366802901486,11.783524121985472,6.306749249126731,9.19586749312228,9.871940885112457,6.848434364206329,17.708424283735592,18.407592274143386,3.7982587836318777,467,213,0,68.67647058823529
holdout_Library,0.01,22,11,wallpath_fewshot_residual_extra,wallpath_residual_extra,680,11.02937537915447,11.803616001227093,6.559351151309345,9.143168862027496,9.904741327671092,7.688968751924638,17.806877771446075,18.407592274143386,3.2634061736641002,462,218,0,67.94117647058823
holdout_Library,0.01,33,11,wallpath_fewshot_residual_extra,wallpath_residual_extra,680,9.013026655399942,11.735841338732321,23.200847768332995,7.268664537796624,9.834852578454758,26.09279620804779,14.969043073296817,18.363460844349675,18.484629884444136,529,151,0,77.79411764705883
holdout_Library,0.05,11,11,wallpath_fewshot_residual_extra,wallpath_residual_extra,653,8.150023067902238,11.73179865458488,30.53048975813147,6.47540418386593,9.80257836122961,33.941826882231915,13.291536504089276,18.35037958716727,27.568056884314966,466,187,0,71.36294027565084
holdout_Library,0.05,22,11,wallpath_fewshot_residual_extra,wallpath_residual_extra,653,9.0749860428389,11.874155105791749,23.573627243487195,7.329946078824725,9.967841709537055,26.46406020059927,14.745375697834257,18.481465699594352,20.215333905265414,484,169,0,74.11944869831547
holdout_Library,0.05,33,11,wallpath_fewshot_residual_extra,wallpath_residual_extra,653,8.965198760530232,11.867803120084094,24.4578068087575,7.208436953428528,10.00047149181335,27.919029024486047,14.623206539832806,18.35037958716727,20.311149584834425,502,151,0,76.87595712098009
holdout_Library,0.1,11,11,wallpath_fewshot_residual_extra,wallpath_residual_extra,618,7.4412155544756216,11.733047115544144,36.57900218761271,5.857541062529529,9.840560093576252,40.475531810905444,12.523993438138726,18.18538667355686,31.131552696926118,461,157,0,74.59546925566343
holdout_Library,0.1,22,11,wallpath_fewshot_residual_extra,wallpath_residual_extra,618,7.703659907021763,11.81643958663636,34.80557446649064,6.222410078820165,9.903311848694518,37.1683920097859,12.326698827093622,18.41137617465817,33.04846574119556,425,193,0,68.77022653721683
holdout_Library,0.1,33,11,wallpath_fewshot_residual_extra,wallpath_residual_extra,618,6.976442245601757,11.927418669705169,41.509202965085436,5.473565547504713,9.978302926310837,45.14532593441326,11.265942485537522,18.48825824826342,39.06433838030298,473,145,0,76.53721682847896
holdout_SSE,0.01,11,11,wallpath_fewshot_residual_extra,wallpath_residual_extra,212,9.939954720068537,10.023876698761308,0.8372207800914191,7.776972090232825,7.842959898392471,0.841363579752216,16.437689338161988,16.428069067169115,-0.05855996193793891,107,105,0,50.47169811320755
holdout_SSE,0.01,22,11,wallpath_fewshot_residual_extra,wallpath_residual_extra,212,9.681024965667278,9.96771817691632,2.8762170655364008,7.582091273646101,7.7870217972839875,2.6316932066295746,16.022830523968473,16.39982648603175,2.298780187609762,114,98,0,53.77358490566038
holdout_SSE,0.01,33,11,wallpath_fewshot_residual_extra,wallpath_residual_extra,212,10.008769845204537,10.039794754409407,0.3090193571063201,7.816092036361097,7.85753285386633,0.5274024083124498,16.541914691191362,16.428069067169115,-0.6929945543616138,103,109,0,48.58490566037736
holdout_SSE,0.05,11,11,wallpath_fewshot_residual_extra,wallpath_residual_extra,203,9.872573959707431,10.031258268326631,1.5818983458958578,7.746208177364169,7.853259281158734,1.363142358630619,16.1864560777664,16.42716128747272,1.4652879185515806,83,120,0,40.88669950738916
holdout_SSE,0.05,22,11,wallpath_fewshot_residual_extra,wallpath_residual_extra,203,9.014341285485989,9.88576932821465,8.814974472867247,7.173238359208337,7.778488574830747,7.781077387975456,13.905310283071747,16.379753922161935,15.106720472413485,125,78,0,61.57635467980296
holdout_SSE,0.05,33,11,wallpath_fewshot_residual_extra,wallpath_residual_extra,203,9.226718477727385,10.011873164963758,7.842235656600183,7.1913617896309345,7.833977515982582,8.202930440387496,14.495668818877956,16.387016159733097,11.541743307135095,126,77,0,62.06896551724138
holdout_SSE,0.1,11,11,wallpath_fewshot_residual_extra,wallpath_residual_extra,193,8.33719994080825,9.727345708145917,14.291110946879618,6.51513845151346,7.52543460223506,13.425087109541039,13.474996627327346,16.18531786614518,16.745554589860795,116,77,0,60.10362694300518
holdout_SSE,0.1,22,11,wallpath_fewshot_residual_extra,wallpath_residual_extra,193,8.869471303263445,9.999978928013551,11.305100069592603,6.933493675125203,7.780674627667595,10.888271172911777,13.913679340779934,16.379753922161935,15.055626556424532,118,75,0,61.13989637305699
holdout_SSE,0.1,33,11,wallpath_fewshot_residual_extra,wallpath_residual_extra,193,9.183569552986125,10.021634223180682,8.362554963900594,7.220184860939948,7.832768932736439,7.820785689671552,14.752842743426246,16.42716128747272,10.192379040700738,123,70,0,63.730569948186535
holdout_Comms,0.01,11,11,wallpath_fewshot_residual_rf,wallpath_residual_rf,1373,8.787247188635945,10.908705502012815,19.447388262387594,6.798562188730637,8.42909296852704,19.344083472380234,14.321321747175576,18.044836752941055,20.634794632645256,914,459,0,66.56955571740714
holdout_Comms,0.01,22,11,wallpath_fewshot_residual_rf,wallpath_residual_rf,1373,9.419837381401997,10.919074195357513,13.730438928539836,7.403348317492515,8.441482802371302,12.29801101516388,15.046571358435052,18.071385325481604,16.738141058734467,781,592,0,56.88273852876912
holdout_Comms,0.01,33,11,wallpath_fewshot_residual_rf,wallpath_residual_rf,1373,9.977170302062197,10.931572005401607,8.730690360616139,7.787978793026959,8.46634835337154,8.01254014163539,16.412193712459363,18.071385325481604,9.18131943477899,906,467,0,65.98689002184996
holdout_Comms,0.05,11,11,wallpath_fewshot_residual_rf,wallpath_residual_rf,1318,7.602735288171104,10.747658850529707,29.26147550918592,6.019265817488413,8.323221172675611,27.68105409418744,12.827844773361186,17.788615491886567,27.887334575239997,861,457,0,65.32625189681336
holdout_Comms,0.05,22,11,wallpath_fewshot_residual_rf,wallpath_residual_rf,1318,7.622809552661879,10.906138614736385,30.105330383735158,6.0920671937070825,8.416213664708623,27.615107738379933,12.673697777650862,18.05769087244403,29.81551258588174,823,495,0,62.44309559939302
holdout_Comms,0.05,33,11,wallpath_fewshot_residual_rf,wallpath_residual_rf,1318,7.586030886654778,10.949859689684326,30.720291386003357,5.9991344720287305,8.488378864914923,29.32532150720798,12.777095126867282,18.093049032727137,29.381194381578425,830,488,0,62.9742033383915
holdout_Comms,0.1,11,11,wallpath_fewshot_residual_rf,wallpath_residual_rf,1248,7.593662621535143,10.926939612759918,30.50512869433584,5.977208567888273,8.453657680133833,29.294409662047666,12.108326123203337,18.20509248718052,33.48934573263136,839,409,0,67.2275641025641
holdout_Comms,0.1,22,11,wallpath_fewshot_residual_rf,wallpath_residual_rf,1248,7.279982873081267,10.927338317454655,33.378260454765346,5.739713548825303,8.450020842920415,32.0745634179809,12.021725436457478,18.264835715469044,34.181037137520406,828,420,0,66.34615384615384
holdout_Comms,0.1,33,11,wallpath_fewshot_residual_rf,wallpath_residual_rf,1248,7.352258118459172,10.931601395887894,32.743082626257774,5.729803328232165,8.462737566719948,32.293737303578396,12.27312336049934,18.093049032727137,32.16663847923353,836,412,0,66.98717948717949
holdout_Library,0.01,11,11,wallpath_fewshot_residual_rf,wallpath_residual_rf,680,11.147113584271347,11.643553523505641,4.263646302068325,9.250545845205936,9.680324356075776,4.439711884241695,17.801027706380637,18.393970065650326,3.2235692303151784,475,205,0,69.85294117647058
holdout_Library,0.01,22,11,wallpath_fewshot_residual_rf,wallpath_residual_rf,680,11.191469759889578,11.663589055771043,4.0478046133481005,9.229906193613092,9.711322572809486,4.957268956797929,17.89820280114082,18.393970065650326,2.6952705845451126,462,218,0,67.94117647058823
holdout_Library,0.01,33,11,wallpath_fewshot_residual_rf,wallpath_residual_rf,680,9.52616724409959,11.589126746038744,17.80081922604126,7.748704721543324,9.630568645534131,19.540527597645667,15.456303865783191,18.285726307967245,15.473393807448875,510,170,0,75.0
holdout_Library,0.05,11,11,wallpath_fewshot_residual_rf,wallpath_residual_rf,653,8.13663752562539,11.597025196170183,29.838580256664056,6.522111550798356,9.60979831605285,32.13060944366142,13.090841831513224,18.381460790271472,28.782364030384073,506,147,0,77.4885145482389
holdout_Library,0.05,22,11,wallpath_fewshot_residual_rf,wallpath_residual_rf,653,9.55252584434929,11.74037985709239,18.635291526972296,7.690045433179606,9.789407849943725,21.445244175582967,15.653408991683927,18.44937313781823,15.154792118129098,500,153,0,76.5696784073507
holdout_Library,0.05,33,11,wallpath_fewshot_residual_rf,wallpath_residual_rf,653,9.859187647203663,11.719818060422007,15.875932575282198,8.006980134688321,9.787662415182082,18.19313136231246,16.24420457974828,18.381460790271472,11.627238090099725,465,188,0,71.20980091883614
holdout_Library,0.1,11,11,wallpath_fewshot_residual_rf,wallpath_residual_rf,618,7.326808822376779,11.597237161262411,36.82280770414785,5.854275010444199,9.642708467550397,39.28806382413219,12.536450430617784,18.253149732665303,31.31897445522556,471,147,0,76.2135922330097
holdout_Library,0.1,22,11,wallpath_fewshot_residual_rf,wallpath_residual_rf,618,7.601225611743979,11.672476072001489,34.879064520193175,6.142439893724127,9.697213128322218,36.65767873262292,12.827182070260518,18.397813904552663,30.278770419096666,455,163,0,73.62459546925567
holdout_Library,0.1,33,11,wallpath_fewshot_residual_rf,wallpath_residual_rf,618,7.453547602517389,11.765258660739802,36.647822054354144,5.96524567943624,9.77882287611489,38.99832571866541,12.448636167969962,18.559392251217538,32.92541049045772,477,141,0,77.18446601941747
holdout_SSE,0.01,11,11,wallpath_fewshot_residual_rf,wallpath_residual_rf,212,9.94866062666706,10.001942044125544,0.5327107198124366,7.810359796626563,7.866566195009207,0.7144972404643696,16.39655991609038,16.674090109325483,1.664439807002649,117,95,0,55.188679245283026
holdout_SSE,0.01,22,11,wallpath_fewshot_residual_rf,wallpath_residual_rf,212,9.572502329264381,9.92058512073131,3.508692151025762,7.522347176980599,7.8075190796397225,3.6525290524462317,15.573906345603058,16.376359792734103,4.900072160646343,136,76,0,64.15094339622641
holdout_SSE,0.01,33,11,wallpath_fewshot_residual_rf,wallpath_residual_rf,212,9.947533708241961,10.000711855602674,0.5317436211395397,7.808433059782854,7.856250797716984,0.608658495831444,16.478198896036965,16.674090109325483,1.1748240054128103,123,89,0,58.01886792452831
holdout_SSE,0.05,11,11,wallpath_fewshot_residual_rf,wallpath_residual_rf,203,9.734503052928162,10.036073816824478,3.0048679334219663,7.667079715581944,7.901741672013065,2.969749786458635,16.030851831990887,16.646624219869654,3.6990826473019807,117,86,0,57.635467980295566
holdout_SSE,0.05,22,11,wallpath_fewshot_residual_rf,wallpath_residual_rf,203,9.159362523582196,9.862463722566725,7.1290624610941045,7.295192651598055,7.799700777590964,6.4683010333215964,14.417588133544706,16.32582248124522,11.68844234275274,133,70,0,65.51724137931035
holdout_SSE,0.05,33,11,wallpath_fewshot_residual_rf,wallpath_residual_rf,203,9.362788120115207,9.95262875999951,5.926480873625308,7.34237523992093,7.81796763693528,6.083325220834337,15.241887225949164,16.646624219869654,8.438569738624699,124,79,0,61.083743842364534
holdout_SSE,0.1,11,11,wallpath_fewshot_residual_rf,wallpath_residual_rf,193,8.647429487765434,9.697074403853803,10.824346316980096,6.775912170371378,7.565931029747415,10.441793036043725,14.245959226196684,16.32582248124522,12.739714997133165,135,58,0,69.94818652849742
holdout_SSE,0.1,22,11,wallpath_fewshot_residual_rf,wallpath_residual_rf,193,8.907549417906232,9.891232523550057,9.94500031519603,6.94899208950756,7.734551567196466,10.156496738874896,14.242537602576807,16.32582248124522,12.760673350832082,139,54,0,72.02072538860104
holdout_SSE,0.1,33,11,wallpath_fewshot_residual_rf,wallpath_residual_rf,193,9.482037711210259,9.999618381135354,5.176004225336543,7.497738555745179,7.882802917119776,4.884866023205014,15.113574571117907,16.646624219869654,9.209372594125583,120,73,0,62.17616580310881
