sparse_rate,method,sparse_seed_mean,sparse_seed_std,anchor_count_mean,anchor_count_std,anchor_count_std_mean,anchor_count_std_std,valid_count_mean,valid_count_std,valid_count_std_mean,valid_count_std_std,mw_anchor_count_mean,mw_anchor_count_std,mw_anchor_count_std_mean,mw_anchor_count_std_std,mw_design_rank_mean,mw_design_rank_std,mw_design_rank_std_mean,mw_design_rank_std_std,rmse_mean,rmse_std,rmse_std_mean,rmse_std_std,mae_mean,mae_std,mae_std_mean,mae_std_std,median_ae_mean,median_ae_std,median_ae_std_mean,median_ae_std_std,p90_ae_mean,p90_ae_std,p90_ae_std_mean,p90_ae_std_std,p95_ae_mean,p95_ae_std,p95_ae_std_mean,p95_ae_std_std,bias_db_mean,bias_db_std,bias_db_std_mean,bias_db_std_std,std_error_db_mean,std_error_db_std,std_error_db_std_mean,std_error_db_std_std,count_mean,count_std,count_std_mean,count_std_std,los_rmse_mean,los_rmse_std,los_rmse_std_mean,los_rmse_std_std,nlos_rmse_mean,nlos_rmse_std,nlos_rmse_std_mean,nlos_rmse_std_std,high_wall_rmse_mean,high_wall_rmse_std,high_wall_rmse_std_mean,high_wall_rmse_std_std,unclipped_rmse_mean,unclipped_rmse_std,unclipped_rmse_std_mean,unclipped_rmse_std_std,unclipped_count_mean,unclipped_count_std,unclipped_count_std_mean,unclipped_count_std_std,clipped_pixel_fraction_mean,clipped_pixel_fraction_std,clipped_pixel_fraction_std_mean,clipped_pixel_fraction_std_std,non_anchor_rmse_mean,non_anchor_rmse_std,non_anchor_rmse_std_mean,non_anchor_rmse_std_std,non_anchor_mae_mean,non_anchor_mae_std,non_anchor_mae_std_mean,non_anchor_mae_std_std,non_anchor_p90_ae_mean,non_anchor_p90_ae_std,non_anchor_p90_ae_std_mean,non_anchor_p90_ae_std_std,non_anchor_count_mean,non_anchor_count_std,non_anchor_count_std_mean,non_anchor_count_std_std,non_anchor_los_rmse_mean,non_anchor_los_rmse_std,non_anchor_los_rmse_std_mean,non_anchor_los_rmse_std_std,non_anchor_nlos_rmse_mean,non_anchor_nlos_rmse_std,non_anchor_nlos_rmse_std_mean,non_anchor_nlos_rmse_std_std,free_space_rmse_mean,free_space_rmse_std,free_space_rmse_std_mean,free_space_rmse_std_std,free_space_mae_mean,free_space_mae_std,free_space_mae_std_mean,free_space_mae_std_std,free_space_p90_ae_mean,free_space_p90_ae_std,free_space_p90_ae_std_mean,free_space_p90_ae_std_std,free_space_count_mean,free_space_count_std,free_space_count_std_mean,free_space_count_std_std,wall_region_rmse_mean,wall_region_rmse_std,wall_region_rmse_std_mean,wall_region_rmse_std_std,rmse_delta_vs_multi_wall_mean,rmse_delta_vs_multi_wall_std,rmse_delta_vs_multi_wall_std_mean,rmse_delta_vs_multi_wall_std_std,rmse_delta_vs_direct_rf_mean,rmse_delta_vs_direct_rf_std,rmse_delta_vs_direct_rf_std_mean,rmse_delta_vs_direct_rf_std_std,num_rows_mean,num_rows_std
0.005,direct_extra_all_features,22.0,11.0,346.2,0.0,311.54776203999364,0.0,69171.2,0.0,62288.73393528755,0.0,346.2,0.0,311.54776203999364,0.0,3.4,0.0,0.490880693673816,0.0,3.205254024324152,0.01747683496382919,0.9486700642437459,0.019534468153054454,2.1677586414019268,0.011461143151741298,0.6891001371092068,0.009183334562011106,1.344449401855469,0.006754107688202492,0.5198289820588408,0.004452937630497249,5.354700619697571,0.031168846001395842,1.6412200361341167,0.025566535768366965,7.001663314501445,0.03325840170795138,2.091192730129756,0.03443756696320169,-0.24849004326760768,0.015329733456744139,0.45839840984489694,0.03087194480816149,3.1712857429186503,0.013467507845686677,0.9192721034272945,0.0172640539246221,69171.2,0.0,62288.73393528755,0.0,0.7599022339959262,0.007735425716406462,0.36812675091419456,0.022483783746260182,3.330262555069344,0.018636653361004812,0.9867108638822479,0.020030410996415376,3.478626755540269,0.019073211608472095,1.0033516629846027,0.019799829124560363,3.205254024324152,0.01747683496382919,0.9486700642437459,0.019534468153054454,69171.2,0.0,62288.73393528755,0.0,3.787878787878788e-06,0.0,7.5909546975019154e-06,0.0,3.2118764752777658,0.017401821229993335,0.95000598209363,0.019457581709623296,2.1745738198757176,0.011355897476492825,0.6908337301230864,0.009069428918855324,5.365479299227396,0.030903196389446778,1.6426614401608137,0.02503706660933622,68825.0,0.0,61977.186267776655,0.0,0.7603377613609195,0.007669487384692851,0.36855087944198867,0.022718202004944503,3.3371656946221453,0.01856092542131649,0.9881134437434255,0.019971198034766664,3.11898419881361,0.01612957176717322,0.9401056584903601,0.019558460193789786,2.094350636402766,0.010596355212060508,0.673913245584353,0.008650064085109255,5.206762235005697,0.030068448866609546,1.6409116958424097,0.027243172591896684,66369.0,0.0,61020.82222471212,0.0,4.439790965063248,0.03272282128317753,0.8714747970450459,0.01394980504743587,-2.853585829557179,0.02031174884193468,1.2422444849379335,0.008755392400882947,-0.016444673174936402,0.0089758626925377,0.11035849020690826,0.011989208391339426,250.0,0.0
0.005,direct_rf_all_features,22.0,11.0,346.2,0.0,311.54776203999364,0.0,69171.2,0.0,62288.73393528755,0.0,346.2,0.0,311.54776203999364,0.0,3.4,0.0,0.490880693673816,0.0,3.221698697499089,0.013416901034741165,0.9199380379702707,0.017277621494451844,2.156271199305852,0.005781066252858852,0.6702704232299267,0.005893317373371135,1.3237878328959147,0.006134788219280915,0.5104485900140759,0.006732318213370838,5.357494741121928,0.02757131583322747,1.5662349787797227,0.02431347041855527,7.031421093304952,0.03637777051198596,1.9984274716820194,0.04813640637042269,-0.20273955955635756,0.010309212758366852,0.4497724052017331,0.02851969725850367,3.1886669257481888,0.011765886397091896,0.9028593495897465,0.016071890641658853,69171.2,0.0,62288.73393528755,0.0,0.7959544503989203,0.019882890304086968,0.4523129324074582,0.09226885602965901,3.347058687671709,0.015191201683705037,0.9588144368888738,0.018866804223688433,3.497335498516511,0.015829424109849277,0.9725511224779622,0.01796093751772423,3.221698697499089,0.013416901034741165,0.9199380379702707,0.017277621494451844,69171.2,0.0,62288.73393528755,0.0,3.787878787878788e-06,0.0,7.5909546975019154e-06,0.0,3.2286477959085054,0.013367716067903948,0.9216548383825129,0.017230140423189006,2.163559237321218,0.005753037515133395,0.6725372362956913,0.005866273206298822,5.368813430468241,0.027478410270036332,1.5682725422664419,0.024178243244537313,68825.0,0.0,61977.186267776655,0.0,0.7966244993013367,0.019941954577327014,0.45313883795480675,0.09251373775905453,3.3542941096951497,0.015143084032911919,0.9606051241555583,0.01882989044642838,3.1306078365803693,0.011194024987564256,0.9060672912045612,0.017104064320414652,2.0803008614381153,0.0043589975096953665,0.6530527704551137,0.0056315155457599625,5.20155103302002,0.025145005333277223,1.5592386381347894,0.026189975408148734,66369.0,0.0,61020.82222471212,0.0,4.494099160547774,0.03747276594401247,0.9025760618406607,0.02169431282977899,-2.8371411563822426,0.012100537327661389,1.2185111122134593,0.012644833983876709,0.0,0.0,0.0,0.0,250.0,0.0
0.005,wallpath_extra,22.0,11.0,346.2,0.0,311.54776203999364,0.0,69171.2,0.0,62288.73393528755,0.0,346.2,0.0,311.54776203999364,0.0,3.4,0.0,0.490880693673816,0.0,3.3279494367867577,0.015143626053128214,0.9641925487923628,0.03960751939976143,2.2277950735092165,0.0020468784871257267,0.6856122037620968,0.012663307985840738,1.378697809855143,0.004835294380643839,0.5281527805838772,0.009139750559344455,5.42205053806305,0.008621231426080065,1.5179884071189693,0.0241362114625849,7.149140086174011,0.024934182247156805,1.9451090173700025,0.05146425725361018,-0.0017783084339365006,0.027963249682683756,0.3609369806047058,0.02261202538957657,3.311944043795268,0.016254089216213453,0.9515836801714319,0.04189791669239709,69171.2,0.0,62288.73393528755,0.0,1.4588310993957652,0.059523703725564724,0.8664163916223137,0.07933208875638824,3.443986371703217,0.018706086526682812,1.0116426675365509,0.046357768592986084,3.588169890851741,0.020212612875172974,1.0382139624881492,0.046948091976933046,3.3279494367867577,0.015143626053128214,0.9641925487923628,0.03960751939976143,69171.2,0.0,62288.73393528755,0.0,3.787878787878788e-06,0.0,7.5909546975019154e-06,0.0,3.3358558055506404,0.01518147952253093,0.9664304908153419,0.03971868748402978,2.236920383612315,0.002052675731374192,0.6884655935889903,0.012731229652133778,5.4342268892923995,0.00858405316328876,1.520471428896388,0.024340425300066255,68825.0,0.0,61977.186267776655,0.0,1.4618886702458127,0.05959839575412362,0.8678080218753877,0.0794457254466641,3.4521771255893454,0.018747589654324423,1.0140027488686396,0.046469567356430444,3.2230963205961065,0.011916454676997501,0.9296600735999085,0.03216740036990764,2.151947031180064,0.000803466170013255,0.6624274667348615,0.011194088240174201,5.265053972880046,0.006968822838789132,1.4909578640959866,0.02323711793929342,66369.0,0.0,61020.82222471212,0.0,4.7386052649828825,0.03470056299953253,1.2416152753193554,0.11061647425105296,-2.730890417094574,0.005078192962007056,1.1128889900817296,0.02975193279765221,0.10625073928766908,0.01605920155753244,0.35466973817144254,0.05901676574750086,250.0,0.0
0.005,wallpath_calibrated,22.0,11.0,346.2,0.0,311.54776203999364,0.0,69171.2,0.0,62288.73393528755,0.0,346.2,0.0,311.54776203999364,0.0,3.4,0.0,0.490880693673816,0.0,3.3407353208366337,0.0015810906877368862,0.8920813574016567,0.010388953591917584,2.310168819109599,0.0024676426177061427,0.6310551055385254,0.008030982772034949,1.5016343154907226,0.005972249362098672,0.4694627383937163,0.00623084286340395,5.548313355127971,0.004797788757834546,1.5504387041858887,0.010690844339798916,7.1952124748229975,0.002877280274087404,1.979642046128901,0.021504181893424866,-0.3853225620526355,0.018589393082011286,0.5382356832258272,0.01934362837498004,3.2828323788642884,0.004773325011772358,0.8613988444609776,0.011161303937628719,69171.2,0.0,62288.73393528755,0.0,0.8533332265746779,0.013164810101756718,0.40868433040211,0.017399307897848132,3.4714090266119606,0.0024575913027668705,0.9315402207576723,0.0110618183498853,3.6278263849442745,0.002265709568888889,0.9488293214197653,0.010229494392534353,3.3407353208366337,0.0015810906877368862,0.8920813574016567,0.010388953591917584,69171.2,0.0,62288.73393528755,0.0,3.787878787878788e-06,0.0,7.5909546975019154e-06,0.0,3.3480781420098515,0.0015916542242858007,0.8937168424642078,0.010442497962436787,2.3184862082799276,0.0024588886497892266,0.6332531557374618,0.00810418511170699,5.559495808283487,0.00467315634516891,1.5526290872008452,0.010879088916219137,68825.0,0.0,61977.186267776655,0.0,0.8548117163607382,0.013192723224833532,0.4098065589634116,0.016862153464448523,3.4790539855755225,0.002461811103795677,0.9333005252308114,0.011092501335813661,3.2520595519388205,0.00016382225374164577,0.8735767762848999,0.008311538772113635,2.238981446584066,0.0036884215227543675,0.6135548704123138,0.0075295349036280075,5.403144399960836,0.0035523383594019257,1.5340018519674299,0.008854921146993065,66369.0,0.0,61020.82222471212,0.0,4.578934215354864,0.012495261797037296,0.9764637042470543,0.04413341161203912,-2.718104533044697,0.008906436782323357,1.1594671417815032,0.015934449043409474,0.11903662333754504,0.013033113961727507,0.19866433731495173,0.012214742277071419,250.0,0.0
0.005,wallpath_rf,22.0,11.0,346.2,0.0,311.54776203999364,0.0,69171.2,0.0,62288.73393528755,0.0,346.2,0.0,311.54776203999364,0.0,3.4,0.0,0.490880693673816,0.0,3.3421376237041778,0.018464391763559487,0.9859103369023013,0.03728853344072414,2.2165446564356484,0.0011327235051430719,0.7015368213250387,0.01166697671598114,1.3496790351867674,0.008036168937816151,0.5465209497899494,0.010317025922351439,5.4286028683980305,0.012514425643422243,1.5289400843049459,0.016943229046929013,7.18421020189921,0.028064776623642377,1.9557190333960925,0.041071397981461984,-0.0050246406853354,0.027700640478260544,0.37292226313974375,0.02274165341172957,3.3249649095535276,0.019331291797386945,0.9733020839519869,0.03957198457908372,69171.2,0.0,62288.73393528755,0.0,1.636610970959396,0.06424995391821411,0.9630301697611311,0.07450927209702932,3.454560605925591,0.022260596806269725,1.0315309796701038,0.0433536908022376,3.601297577176277,0.023414122207460086,1.0563488244663255,0.04304810342315901,3.3421376237041778,0.018464391763559487,0.9859103369023013,0.03728853344072414,69171.2,0.0,62288.73393528755,0.0,3.787878787878788e-06,0.0,7.5909546975019154e-06,0.0,3.3500101942728215,0.01853969755465873,0.9882044401321074,0.037394020172740364,2.22541473865509,0.0012042548643754704,0.7043848244529726,0.011734440836261517,5.440869839986166,0.012426360699634374,1.5316048558650175,0.016992498811324093,68825.0,0.0,61977.186267776655,0.0,1.6402704378966246,0.0643748318045424,0.9647549584220628,0.07493711497101564,3.4627058845169656,0.02234013333955944,1.0339461612816385,0.043457521816997816,3.2325816633977844,0.015376221233916132,0.9484535923581895,0.030132142157951177,2.1388016682465874,0.0010559082277875635,0.677314619095371,0.010011014494403227,5.266992282867432,0.010453287394093095,1.5016526884070405,0.014724388431548163,66369.0,0.0,61020.82222471212,0.0,4.791520613730468,0.03718258579777349,1.3102405596827966,0.09494538790741765,-2.716702230177153,0.008027762400605473,1.107937239272568,0.027498100828024338,0.12043892620508918,0.016250136411672198,0.3418180233193078,0.062128730674465046,250.0,0.0
0.005,multi_wall_residual_idw,22.0,11.0,346.2,0.0,311.54776203999364,0.0,69171.2,0.0,62288.73393528755,0.0,346.2,0.0,311.54776203999364,0.0,3.4,0.0,0.490880693673816,0.0,4.0938279366780135,0.030882890078779236,1.347578344663417,0.041509401886461454,2.733854582150777,0.003784881417343678,0.7094935248471409,0.007184307585682901,1.8782158406575522,0.010258929829311309,0.5071625471155469,0.007012114502799632,6.14658066813151,0.0032787008470794993,1.581251418200291,0.020234914905021176,8.011056718190511,0.0123965869805476,2.153415622185343,0.06030938446670721,0.02139726578492747,0.030351893785114527,0.4130015382872622,0.017320107480079228,4.077400302569072,0.030342644839438538,1.3340260503869423,0.04062211838751818,69171.2,0.0,62288.73393528755,0.0,3.4441654345875587,0.0945512309129685,1.928205648026342,0.1470427059438219,4.172035835908883,0.03725705977904027,1.444422654600604,0.04922854660743649,4.323814146864222,0.04066636167043885,1.5083835419576521,0.051840794646276965,4.0938279366780135,0.030882890078779236,1.347578344663417,0.041509401886461454,69171.2,0.0,62288.73393528755,0.0,3.787878787878788e-06,0.0,7.5909546975019154e-06,0.0,4.104117458738851,0.030960549714717144,1.3509696543905239,0.041613679487703024,2.747614457289378,0.003803949400762167,0.7130708037353842,0.007220511707677846,6.1599990186691285,0.003426406764319937,1.5849661702850464,0.020479989121411454,68825.0,0.0,61977.186267776655,0.0,3.452541170051221,0.0947457927001054,1.9312787603257042,0.1478522594731011,4.182524732289687,0.03734694639480098,1.4480680004419133,0.04931916865301551,3.9415694909594166,0.0220840491573166,1.2339703281351637,0.04118417919090091,2.6586757992108665,0.002865656005957366,0.6831358344939874,0.005172509748661241,6.012578022321065,0.002525756424319148,1.5493189933309661,0.017902665609130106,66369.0,0.0,61020.82222471212,0.0,5.933229324197179,0.07095273759806976,2.7857123896919735,0.18544239715947614,-1.9650119172033176,0.02112296156076782,0.8473940379023724,0.026202414750446424,0.8721292391789249,0.02284355080555795,0.8780169950739068,0.0527610167854027,250.0,0.0
0.005,idw,22.0,11.0,346.2,0.0,311.54776203999364,0.0,69171.2,0.0,62288.73393528755,0.0,346.2,0.0,311.54776203999364,0.0,3.4,0.0,0.490880693673816,0.0,4.7737310290914445,0.006024850991253476,1.1351110395673996,0.009205338348186296,3.5114060780207317,0.0008812943696843111,0.8523571264853799,0.007497954411388626,2.6266454594930013,0.005586726739919237,0.6894364703438574,0.007322460474927681,7.812519795735677,0.014069559902541055,1.8990903920757445,0.011379981469608025,9.809378378550212,0.01322232976843023,2.433241290994482,0.02228885413225256,-0.12533797223931953,0.026986225740309407,0.6145087604686662,0.016939566524573003,4.739067881902058,0.007550538550724495,1.1073912766899656,0.006869632303268533,69171.2,0.0,62288.73393528755,0.0,8.838535520423811,0.11023507760602597,4.045477733745662,0.03612591685817729,4.487603778607647,0.007553654456121304,1.1221198630602263,0.015786355375911557,4.46653062895725,0.012202137258513306,1.0837328990045778,0.023695792465865593,4.7737310290914445,0.006024850991253476,1.1351110395673996,0.009205338348186296,69171.2,0.0,62288.73393528755,0.0,3.787878787878788e-06,0.0,7.5909546975019154e-06,0.0,4.785729345384584,0.006039999675829179,1.1379702635486248,0.009228355378895676,3.52907940642039,0.000885730459575992,0.856655916286757,0.007535552771902777,7.8272857697804765,0.014252891119664338,1.9027204529316597,0.011274240541925225,68825.0,0.0,61977.186267776655,0.0,8.859350298164586,0.11050251049954152,4.048087074010131,0.035810849818679706,4.498885458909584,0.007568470356769299,1.1249476549414077,0.015813638384568576,4.735054490509179,0.007533625053534,1.1317772566787558,0.010068614469641378,3.4782802734375,0.001712690043312052,0.8480237754798723,0.00833253619664483,7.747863419850667,0.014009489186272888,1.894299258669804,0.010887137583832696,66369.0,0.0,61020.82222471212,0.0,5.430867101839982,0.012223961094908484,1.030361737188489,0.02249509771125602,-1.2851088247898872,0.004561313986965474,1.2760775565085856,0.04362977967622991,1.5520323315923552,0.010711199032272483,0.588531285051351,0.0032064760373587864,250.0,0.0
0.005,direct_rf_sparse_anchor,22.0,11.0,346.2,0.0,311.54776203999364,0.0,69171.2,0.0,62288.73393528755,0.0,346.2,0.0,311.54776203999364,0.0,3.4,0.0,0.490880693673816,0.0,5.03851479155096,0.012177292690543072,1.0783281531054971,0.022246697239808638,3.6512706270217894,0.008593722302391549,0.8737111782226453,0.014449034927160011,2.673442877451579,0.0022775220119227333,0.9465021207911536,0.007482065250520018,8.492124648412068,0.03517057536545747,1.8721982825263457,0.04745040147338566,10.554112513860067,0.02814544745825038,2.3345732096153022,0.06231018229464784,-1.0006655046151332,0.006893068908867402,1.0062211859630061,0.03835711269290356,4.840891359011333,0.013430531534522845,1.0512740780956202,0.011641885252392329,69171.2,0.0,62288.73393528755,0.0,0.8129983914791784,0.008697299635334815,0.4107051388144496,0.005780150942498286,5.240327665765467,0.013011224202311836,1.1310142606506717,0.025463977205415458,5.514909298813527,0.01225437177532403,1.118052482057303,0.026745042011108403,5.03851479155096,0.012177292690543072,1.0783281531054971,0.022246697239808638,69171.2,0.0,62288.73393528755,0.0,3.787878787878788e-06,0.0,7.5909546975019154e-06,0.0,5.038749784501609,0.012084465798906346,1.0785517066224222,0.02221557399235515,3.651376872062683,0.008587001771693671,0.8738966795786666,0.014415569952625138,8.49249936167399,0.0348991157404607,1.8724844379620957,0.04749946625102913,68825.0,0.0,61977.186267776655,0.0,0.8127477949514996,0.008832517797048564,0.41090238549068264,0.005808550022074557,5.240579700715195,0.012913726892268808,1.131243349164947,0.025470046802857724,4.96773063328668,0.01158102150929331,1.075305252309193,0.02275991149172438,3.5836832485198973,0.008031039374616406,0.876675221588699,0.014437585680684978,8.383053548812866,0.03429773945178922,1.8669886313743351,0.05110344998157809,66369.0,0.0,61020.82222471212,0.0,6.038040836718802,0.022213491251911906,1.1792037130038329,0.013032572061729569,-1.0203250623303715,0.0031552906276624006,1.0587860132589897,0.028808244243205043,1.8168160940518712,0.010064995091675265,0.7244373002570311,0.013911722154032023,250.0,0.0
0.005,multi_wall,22.0,11.0,346.2,0.0,311.54776203999364,0.0,69171.2,0.0,62288.73393528755,0.0,346.2,0.0,311.54776203999364,0.0,3.4,0.0,0.490880693673816,0.0,6.058839853881331,0.010438114148149841,1.4502165609736037,0.00148988347818324,4.595779493967692,0.010580083626431449,1.0246109817584272,0.031084836691046565,3.7525849787394208,0.013775728658697492,0.9937724943729161,0.03479196224216282,9.417208847681682,0.018691171793555904,1.9934412818724079,0.04225347136147335,11.560995564142862,0.02374382279071764,2.4713630759820266,0.014568654129559844,0.027934676333466368,0.029615873262557286,0.4882270425103113,0.01785970883484989,6.041821667353312,0.01060976892512559,1.4391497512199871,0.0011892371498464747,69171.2,0.0,62288.73393528755,0.0,5.728113171792079,0.1111056528347197,2.352477944212381,0.18261545851058028,6.107711258995972,0.01694879266127097,1.5252138370163826,0.016188068852518223,6.27214933174277,0.019880488258311797,1.5804645184017492,0.023189389203490132,6.058839853881331,0.010438114148149841,1.4502165609736037,0.00148988347818324,69171.2,0.0,62288.73393528755,0.0,3.787878787878788e-06,0.0,7.5909546975019154e-06,0.0,6.060465315438548,0.01056986389168267,1.451897927747373,0.0016058651645066173,4.596540803273519,0.010557506697532333,1.024809105500438,0.031004287641083195,9.41862146695455,0.018922017743938112,1.9940285131086386,0.04230390659251408,68825.0,0.0,61977.186267776655,0.0,5.729251149323065,0.11124866193893951,2.354036670122492,0.18407892755723607,6.109341167965407,0.01709337296920276,1.5271827627743635,0.016253011534808102,5.943903635244944,0.006325497356509669,1.380946648459328,0.008007042095130033,4.541706405321757,0.012709291452003611,1.0217819477785275,0.03379505291697569,9.316709256490071,0.018811444158527747,1.9925801756008312,0.04021518002970475,66369.0,0.0,61020.82222471212,0.0,7.569121868216844,0.05839936112790228,2.7406462346656455,0.16467975909307347,0.0,0.0,0.0,0.0,2.8371411563822426,0.012100537327661389,1.2185111122134593,0.012644833983876709,250.0,0.0
0.005,direct_rf_geometry,22.0,11.0,346.2,0.0,311.54776203999364,0.0,69171.2,0.0,62288.73393528755,0.0,346.2,0.0,311.54776203999364,0.0,3.4,0.0,0.490880693673816,0.0,6.701051247993303,0.017596114031786177,2.2129752178819575,0.012445798930802497,4.818792818705241,0.004834399717395168,1.7447692878041658,0.006213891545475423,3.497200481414795,0.010766141940363185,1.6665864084773776,0.007306746073756372,11.295202419281006,0.029492705897785798,3.849080470316767,0.03666626737544733,14.092079917271931,0.06415195964890948,4.675405527349693,0.02327861652038333,-1.9068760903157915,0.019167263450083395,2.7599300867730983,0.0008248702015657199,5.978347886721292,0.014955260949447394,1.68242170472682,0.0138477925527613,69171.2,0.0,62288.73393528755,0.0,0.8428143773755861,0.024806969700640048,0.5144060597863245,0.04300956067751643,6.9599652850339675,0.018530150119780306,2.2736902182196834,0.010314234957847971,7.33364401587336,0.0198654367495681,2.289133158802175,0.01027661097737829,6.701051247993303,0.017596114031786177,2.2129752178819575,0.012445798930802497,69171.2,0.0,62288.73393528755,0.0,3.787878787878788e-06,0.0,7.5909546975019154e-06,0.0,6.700927083847733,0.01763522138308257,2.2129716306983553,0.012499089919291738,4.818541314125061,0.004838631877503256,1.7447652500266777,0.0062484985875582355,11.295304143269854,0.029887597811131265,3.849351921029502,0.036956279085305604,68825.0,0.0,61977.186267776655,0.0,0.8426234038567907,0.024632530819173187,0.5146513321225669,0.043010057535420795,6.959844459727631,0.01857252234282645,2.273694244272114,0.010414781517068268,6.624781029635623,0.017516454410700336,2.225902129248088,0.012296174386641079,4.745060963312785,0.004337431689714571,1.7560476093838062,0.006398562622553379,11.183889384587607,0.02579739017301031,3.863561035376657,0.035473931334616834,66369.0,0.0,61020.82222471212,0.0,7.822740988507069,0.025315128457476632,2.1658112278021546,0.006496915335453743,0.6422113941119715,0.027020091693531135,1.9999185454749888,0.01663897030525487,3.4793525504942147,0.021863127360457077,1.7191900001987612,0.024390183704892467,250.0,0.0
0.005,log_distance,22.0,11.0,346.2,0.0,311.54776203999364,0.0,69171.2,0.0,62288.73393528755,0.0,346.2,0.0,311.54776203999364,0.0,3.4,0.0,0.490880693673816,0.0,7.501649781169828,0.0027242480222867,2.0192675115216905,0.0008574843575431801,6.029195173581442,0.0024724066334712285,1.7195813215762425,0.0012951980036668186,5.206120526631673,0.00922206760534049,1.7154984905337267,0.002602198943427143,12.171597986221315,0.013122013904205733,3.2443652456005005,0.012111980685062388,14.37464886856079,0.017140573130681513,3.7395490800221154,0.028968809006834975,-0.026469947364685702,0.030052398958710272,0.6261197708083478,0.02471067428088634,7.4796213474273685,0.00426371665073526,2.004256564727686,0.0027150228364604544,69171.2,0.0,62288.73393528755,0.0,9.717725905902773,0.1237375785338072,4.012350225458079,0.3589426682204449,7.287215817006715,0.00887626503546845,2.0026300937938353,0.005638067673300474,7.257116433018813,0.004312878263904624,2.0057390565194253,0.012587592949881425,7.501649781169828,0.0027242480222867,2.0192675115216905,0.0008574843575431801,69171.2,0.0,62288.73393528755,0.0,3.787878787878788e-06,0.0,7.5909546975019154e-06,0.0,7.502202007663933,0.002733057536468224,2.019547695172243,0.0008511562300721785,6.029535649935404,0.0023877915599462497,1.7197540808956768,0.0013810787324504557,12.172540490468343,0.012916934926639766,3.245037031356304,0.011874224502863318,68825.0,0.0,61977.186267776655,0.0,9.719243967395391,0.1235141230364482,4.015236067590439,0.3595302349032678,7.287584344746296,0.008814901080689864,2.0028714677962536,0.005482095190821306,7.495249006243722,0.00235013989206571,2.026422848246006,0.0008596321707132618,6.025468564351399,0.0021122916761214137,1.727563486770741,0.002412535918008632,12.158576213200888,0.013826853311702648,3.2508369477747014,0.013627216011259493,66369.0,0.0,61020.82222471212,0.0,7.662257558937841,0.010469554096684453,1.9095904137699982,0.008021679515591401,1.442809927288497,0.012801082163378547,1.5182113699850526,0.025193306805166866,4.279951083670739,0.013560316453616538,1.4141890564734954,0.03297387912995339,250.0,0.0
0.01,direct_extra_all_features,22.0,11.0,692.0,0.0,622.7342868092871,0.0,69171.2,0.0,62288.73393528755,0.0,692.0,0.0,622.7342868092871,0.0,3.4,0.0,0.490880693673816,0.0,2.878376063542406,0.014894921009824738,0.8352600748000105,0.013747537128462833,1.9084237107435864,0.009715346281765519,0.6035383866895192,0.01054112961432266,1.1374888458251953,0.005461682728845548,0.43013797420245137,0.0060704340140441135,4.7805582447052,0.02987390336204149,1.467657338815288,0.0354004904740827,6.339070538838705,0.028921800587744725,1.8276471164359427,0.04684233814054662,-0.18348366719334927,0.029648988924953094,0.351391008132389,0.050195244594037215,2.8567922282218934,0.009937169192739367,0.8141853721906599,0.0067102208193468415,69171.2,0.0,62288.73393528755,0.0,0.7498379802105131,0.006292172275090181,0.35339591310049717,0.01970776106503938,2.9892636186715227,0.015395417905891108,0.8674510418738852,0.013864710612932119,3.120812058495284,0.016357623600646524,0.8830855613576509,0.013883144674284892,2.878376063542406,0.014894921009824738,0.8352600748000105,0.013747537128462833,69171.2,0.0,62288.73393528755,0.0,3.787878787878788e-06,0.0,7.5909546975019154e-06,0.0,2.890518308302202,0.014904063492745732,0.8378861682173406,0.013754523672517881,1.9205428655147552,0.009637430933687524,0.6070198827587566,0.010502714238899917,4.801091925621033,0.02976439357643015,1.4703984857943266,0.03565603684904386,68479.2,0.0,61665.9996840083,0.0,0.7508938236359572,0.006053914903948053,0.3540090606136051,0.02007690702921018,3.0019046480657834,0.015410061971243609,0.8702002477325976,0.01386239283848514,2.7884398502285257,0.015764479024948375,0.827488336283115,0.017292338407370652,1.8352093234062192,0.010363542903161148,0.5878387410311445,0.012138508651572321,4.622742658615112,0.033747842079799605,1.4686632812415954,0.04142507913198577,66369.0,0.0,61020.82222471212,0.0,4.144095434051821,0.015516971517024664,0.7499208768650251,0.02364876285442443,-3.0753913709662926,0.008704711252930007,1.1480055448139146,0.037186364960219695,-0.0114353504063476,0.006349758842901099,0.07307058041927837,0.002966333810194732,250.0,0.0
0.01,direct_rf_all_features,22.0,11.0,692.0,0.0,622.7342868092871,0.0,69171.2,0.0,62288.73393528755,0.0,692.0,0.0,622.7342868092871,0.0,3.4,0.0,0.490880693673816,0.0,2.889811413948754,0.008582023326320925,0.8169745756940059,0.0068513972022396265,1.8977019735972087,0.004248449124901376,0.5862765717824875,0.004197239613966332,1.116913516998291,0.0033911199410349394,0.4128381126941034,0.002295018321203679,4.775869000116984,0.01562643243746779,1.4118193618585766,0.02401561090688526,6.363324038505554,0.013067459481251764,1.757072186759854,0.030049248518951514,-0.1394808744716186,0.023723173763745057,0.31863546894931166,0.034323940196504754,2.872159267425537,0.00683023847629822,0.8048057407469273,0.0022662495060464453,69171.2,0.0,62288.73393528755,0.0,0.7918483877397611,0.002205332043441119,0.4252937870229811,0.0598570718186673,3.0000136043143155,0.008700228968339045,0.8497424731215322,0.006341533093156131,3.131561693757286,0.009582877589950516,0.8644849771393351,0.006656258364532513,2.889811413948754,0.008582023326320925,0.8169745756940059,0.0068513972022396265,69171.2,0.0,62288.73393528755,0.0,3.787878787878788e-06,0.0,7.5909546975019154e-06,0.0,2.9025552276832385,0.008614578843444663,0.8200412558834845,0.006842214111845296,1.9108931663036346,0.004228425150062055,0.5903514164393071,0.0041829050095321995,4.797519893328349,0.01541626304998726,1.4149971504370062,0.024019405017690343,68479.2,0.0,61665.9996840083,0.0,0.7935457529606644,0.0021473536158841313,0.4267222495566351,0.06026902982680153,3.01326111837542,0.00873967408511023,0.8529378661251993,0.006332930282981909,2.7946302542452166,0.009135180658120802,0.8027877391296485,0.010102068037317415,1.8218735282421112,0.004685325550405934,0.5673421975628012,0.005656147365653506,4.6086645466486615,0.01978055023035876,1.4043333269391658,0.02894905772401018,66369.0,0.0,61020.82222471212,0.0,4.198900288873802,0.010855450485336713,0.788662805319588,0.0337931584885187,-3.0639560205599454,0.0053910456356141,1.1254619755689181,0.03818162805108316,0.0,0.0,0.0,0.0,250.0,0.0
0.01,wallpath_extra,22.0,11.0,692.0,0.0,622.7342868092871,0.0,69171.2,0.0,62288.73393528755,0.0,692.0,0.0,622.7342868092871,0.0,3.4,0.0,0.490880693673816,0.0,2.967056477071201,0.007625587929669197,0.850549583586201,0.01848144335285,1.921188362598419,0.005743216272684001,0.6077598421072516,0.006148408098439795,1.1101856714884442,0.0040468037963203385,0.45247693940843653,0.0023904994031927504,4.80839833577474,0.01608524174148969,1.3762802621355519,0.01811301607385592,6.442585795720419,0.027290211454051992,1.7077409022543284,0.03717404907617937,0.005775805654547433,0.02114467705404234,0.25241570997287827,0.014430994324176414,2.958335145314534,0.008007466995641385,0.8435007342030075,0.017816056572044443,69171.2,0.0,62288.73393528755,0.0,1.3119460907450502,0.021567085954754147,0.7518328303137313,0.09746818817576797,3.070044190905175,0.006898719454785775,0.8907001168887093,0.025671292280509923,3.2014958912088134,0.0068551221376222365,0.9159564438505173,0.03107493091060669,2.967056477071201,0.007625587929669197,0.850549583586201,0.01848144335285,69171.2,0.0,62288.73393528755,0.0,3.787878787878788e-06,0.0,7.5909546975019154e-06,0.0,2.9812526366649323,0.007629618660970817,0.8545448126035947,0.018570511233380688,1.9369997098445895,0.005674814957072296,0.6128984579717766,0.006178882313913991,4.831933966954549,0.01632463802593495,1.3804114907923186,0.018284294294856087,68479.2,0.0,61665.9996840083,0.0,1.317758560611568,0.021564422244936907,0.754879926173775,0.09773761467183698,3.0847312661071364,0.006883779726347669,0.8948863070358715,0.02579001462853113,2.8565591864404283,0.0070497686217648094,0.8176459522784546,0.01739063702251687,1.8434549796581272,0.005857560059474992,0.5846262742028833,0.004272893417121554,4.6370227349599205,0.016526275135139143,1.3556774956067617,0.010510136058172135,66369.0,0.0,61020.82222471212,0.0,4.4187018711363555,0.016327961831407698,1.130697612275627,0.03597025302979992,-2.986710957437498,0.01217168394356154,1.052603366132785,0.016523412178740513,0.0772450631224476,0.007916093835580612,0.2640807234807445,0.055093382833154264,250.0,0.0
0.01,wallpath_rf,22.0,11.0,692.0,0.0,622.7342868092871,0.0,69171.2,0.0,62288.73393528755,0.0,692.0,0.0,622.7342868092871,0.0,3.4,0.0,0.490880693673816,0.0,2.9976237391466865,0.016388832253214268,0.8778507412586233,0.013327543411289002,1.9211811609268186,0.006568649815273638,0.6247226959605929,0.005673789523558778,1.0946181513468425,0.0015548369858363268,0.46978504300603613,0.0019913411867410924,4.827330513000488,0.020291618214585763,1.3932353740087706,0.016976640300891428,6.493181675593058,0.03364308772778506,1.7264593283776193,0.03870120950562377,0.0077619169807293985,0.01878191124503961,0.2629497282463375,0.013814223331189387,2.9883462489446004,0.017077860395944257,0.8701466546700818,0.013264305475175537,69171.2,0.0,62288.73393528755,0.0,1.493908033878763,0.04276516672026405,0.8646001421967616,0.12277559945888349,3.097561646710832,0.01691269469031667,0.9171544326044865,0.017566410148591182,3.2314810984454603,0.01812770209249925,0.9425974870953784,0.022473142132909126,2.9976237391466865,0.016388832253214268,0.8778507412586233,0.013327543411289002,69171.2,0.0,62288.73393528755,0.0,3.787878787878788e-06,0.0,7.5909546975019154e-06,0.0,3.0118310244181496,0.016433939770077434,0.8819951470613444,0.01330948397311396,1.9365969554583229,0.006560239899392096,0.6299017189928855,0.005676766161179161,4.851158354441325,0.02016540253448186,1.3972703008537781,0.01673780155033174,68479.2,0.0,61665.9996840083,0.0,1.500639710290043,0.042821826524533924,0.8680807076066391,0.12327757464992636,3.1122411781376536,0.01694042696472305,0.9214979282444098,0.017576202082334857,2.882568506461492,0.01579933154315634,0.8391252276036845,0.013159905308930601,1.841971521457036,0.006173424786464175,0.600621079889026,0.00418518238364064,4.651571801821391,0.018990016332293237,1.3719511033718295,0.011562426164348294,66369.0,0.0,61020.82222471212,0.0,4.485792379541425,0.02615962930693696,1.221641398870508,0.045426128368109824,-2.9561436953620124,0.0209292692488193,1.0457636380612356,0.017032236690939066,0.10781232519793284,0.015951694896785804,0.28748789887200793,0.0532882037224858,250.0,0.0
0.01,wallpath_calibrated,22.0,11.0,692.0,0.0,622.7342868092871,0.0,69171.2,0.0,62288.73393528755,0.0,692.0,0.0,622.7342868092871,0.0,3.4,0.0,0.490880693673816,0.0,3.018571838160496,0.013946821831513152,0.7871238216954556,0.00560052153031738,2.0618944334983826,0.008529336804200361,0.551980974314859,0.004585876457920613,1.3091908645629884,0.006300608550440876,0.397610069778829,0.0014283968178012995,4.992081776618957,0.022669846476275585,1.3642400253067002,0.024714829012919458,6.524226037661234,0.0212862701697111,1.7351988645294247,0.013737471865305075,-0.299050369166381,0.018264121110602164,0.42167591895511475,0.03766326509382238,2.9792561977704364,0.010036014274173667,0.766789518353197,0.0020481478940183647,69171.2,0.0,62288.73393528755,0.0,0.8326057673835439,0.02253335517028965,0.39352442138523513,0.05582196211543706,3.13543498013772,0.014045459718852352,0.8222558227428678,0.004136379545919844,3.2755599899070282,0.015099180155784677,0.8385839333950881,0.005063779889194942,3.018571838160496,0.013946821831513152,0.7871238216954556,0.00560052153031738,69171.2,0.0,62288.73393528755,0.0,3.787878787878788e-06,0.0,7.5909546975019154e-06,0.0,3.0320333212565713,0.013904401639364333,0.7901980166992489,0.0055110481568378614,2.0768485385576887,0.00843745929630614,0.5560107322161781,0.004498578661675166,5.013170584042867,0.022229547893927986,1.368309071995185,0.024205130655791954,68479.2,0.0,61665.9996840083,0.0,0.8361845406840555,0.02257963544453826,0.3952616910742593,0.055952818885991684,3.1494229525719675,0.0140019557236032,0.8255311146570987,0.004062806637927023,2.9271326823286117,0.013563275308846781,0.7683702218163081,0.007630136751680888,1.9904788389205932,0.008711661737418594,0.5341010499096068,0.005766532656278526,4.838817487716675,0.024289035998974456,1.3456960340457236,0.030546063215558722,66369.0,0.0,61020.82222471212,0.0,4.279785517885947,0.025614938337904247,0.8586714612044631,0.02195486649280019,-2.9351955963482026,0.00872941575497472,1.0695216228122435,0.03922859913684143,0.12876042421174272,0.005376547071629811,0.1366558017585129,0.013347454943758675,250.0,0.0
0.01,multi_wall_residual_idw,22.0,11.0,692.0,0.0,622.7342868092871,0.0,69171.2,0.0,62288.73393528755,0.0,692.0,0.0,622.7342868092871,0.0,3.4,0.0,0.490880693673816,0.0,3.6814158829484946,0.02167098885062938,1.0559704026270547,0.055115810343333696,2.4583191545804337,0.004343700944437826,0.5995056117085799,0.001149857859877043,1.666084332784017,0.004324851151803546,0.41452404618300315,0.007359739249116988,5.586368798255921,0.01941717728703086,1.3886446107834216,0.009520929964672317,7.2956301851272585,0.029851982720806067,1.8546135971601625,0.023528683507876843,0.008259743722994766,0.009511022230546827,0.2634334351538602,0.017837856204937816,3.6737009167671206,0.02140651509272978,1.0501818561639213,0.05438442382549058,69171.2,0.0,62288.73393528755,0.0,2.988139448988619,0.05558268110560228,1.5193123038433214,0.10126875974154596,3.7559908270489455,0.02207467655840694,1.1213368784185882,0.06498045898374545,3.9011374141246438,0.02386822907754793,1.1741436927848,0.07306115453456956,3.6814158829484946,0.02167098885062938,1.0559704026270547,0.055115810343333696,69171.2,0.0,62288.73393528755,0.0,3.787878787878788e-06,0.0,7.5909546975019154e-06,0.0,3.6999845954287807,0.021780172552001122,1.0613085466385754,0.055393216016596324,2.4831805300712584,0.004387630008803345,0.6055854709977043,0.001161477374638433,5.611168911298115,0.019494249411990062,1.3951796542960784,0.009636889071995195,68479.2,0.0,61665.9996840083,0.0,3.002993451976998,0.05560928160522653,1.525168163463076,0.10060586601178892,3.774924024726096,0.022194188550209902,1.1269940995917733,0.0652852495520609,3.5419005161566006,0.023078200063702068,0.9648726817678015,0.033860541877049066,2.385889015674591,0.004283784257578296,0.5765607380028605,0.003306146466766804,5.451884372075399,0.02126644791684353,1.360093966025808,0.012478908746068107,66369.0,0.0,61020.82222471212,0.0,5.388837049061675,0.04397179407808215,2.2387184476205113,0.14939446359110023,-2.2723515515602037,0.016751463612131697,0.8352492643758355,0.01812450084174675,0.7916044689997416,0.013329879757845081,0.6179948958510115,0.10750400151928025,250.0,0.0
0.01,idw,22.0,11.0,692.0,0.0,622.7342868092871,0.0,69171.2,0.0,62288.73393528755,0.0,692.0,0.0,622.7342868092871,0.0,3.4,0.0,0.490880693673816,0.0,4.243835336320842,0.014904865483746034,0.9296673477709874,0.012155240373514394,3.1189706729253133,0.004860488395471476,0.6965114189382485,0.004226396665148302,2.3328715845743813,0.002130523303743498,0.56240274442977,0.0007601186228557894,6.938462645848592,0.016487706541053252,1.5627079680782907,0.029186785183063443,8.716371954600016,0.025622244681757295,1.9743632195970633,0.03522467257225624,-0.15569057222254434,0.008925864097325443,0.3763657447498674,0.010113887986335779,4.226690751393636,0.015377946703526928,0.9190236546801747,0.013080725985230426,69171.2,0.0,62288.73393528755,0.0,7.792412686319326,0.0569523855071273,3.3484372773648885,0.13625174616289307,4.002253663455022,0.012431512907225337,0.9212750940921101,0.01891409290674781,4.000116422134803,0.012551990538342737,0.8996229283037377,0.024333518229990095,4.243835336320842,0.014904865483746034,0.9296673477709874,0.012155240373514394,69171.2,0.0,62288.73393528755,0.0,3.787878787878788e-06,0.0,7.5909546975019154e-06,0.0,4.26524057278255,0.014980084257226774,0.9343728506844323,0.012216676182163473,3.1505131971041362,0.004909670652403236,0.7035786507054662,0.004269316632933352,6.964591520945231,0.016856261523821057,1.5684665096665047,0.029138398294616598,68479.2,0.0,61665.9996840083,0.0,7.830711357758073,0.05666133572416915,3.3578984615688605,0.13527024609573943,4.022430205132432,0.01250465498953057,0.9259369813240818,0.019011374356186935,4.204339230012809,0.014803730825216332,0.9273810152151527,0.012413658287117383,3.0854648246765137,0.004816323875825531,0.691959231286507,0.004114395494785885,6.8710970719655355,0.015609698559972254,1.5574604508970065,0.027977530023576478,66369.0,0.0,61020.82222471212,0.0,4.913001695336729,0.021206798858078007,0.8009090593218643,0.012910460402937632,-1.7099320981878565,0.005926734770040698,1.1269185312701784,0.045846239170661086,1.3540239223720887,0.009769910809964612,0.4100671781689938,0.014790023237308752,250.0,0.0
0.01,direct_rf_sparse_anchor,22.0,11.0,692.0,0.0,622.7342868092871,0.0,69171.2,0.0,62288.73393528755,0.0,692.0,0.0,622.7342868092871,0.0,3.4,0.0,0.490880693673816,0.0,5.036186832492992,0.010552818796348956,1.0426439817115112,0.006479735149785642,3.650342346509298,0.01155388732449487,0.8413147387196704,0.007143601680475497,2.663495142618815,0.014520652280759376,0.9067097175327543,0.01459589046176746,8.466883797327677,0.020590810513726746,1.845819790396454,0.012218368596700089,10.525869633992512,0.016651898548438283,2.267178627062345,0.035008605196291426,-0.9104989680453824,0.009591030169626171,0.9592210792567037,0.024014069935821673,4.868510164896647,0.009207749676471793,1.0011557708242436,0.01635918824461858,69171.2,0.0,62288.73393528755,0.0,0.8415394067858791,0.024011849210950235,0.43234850582874795,0.04985303864248566,5.23902684959394,0.010188891894474864,1.100088226862587,0.011984158690620209,5.509770253468708,0.010105472018122697,1.0902122536700225,0.012928524543314616,5.036186832492992,0.010552818796348956,1.0426439817115112,0.006479735149785642,69171.2,0.0,62288.73393528755,0.0,3.787878787878788e-06,0.0,7.5909546975019154e-06,0.0,5.036589006380841,0.01079988150266911,1.0430948626254783,0.006405230282861987,3.650553230603536,0.01165858004711642,0.8416771701450964,0.007007297779592249,8.46758264986674,0.020704600469054653,1.8466795498995456,0.0132216906493975,68479.2,0.0,61665.9996840083,0.0,0.8410962110386516,0.02402840196556002,0.43248331345100316,0.05065414721534956,5.239440070729445,0.010445987145664453,1.1005468096621487,0.011946898969161346,4.964343866777175,0.010527603034631388,1.0408889711653135,0.006668513942318829,3.5825106538136797,0.011838325004344364,0.8444558392283305,0.007860632779128048,8.36029109064738,0.020364391792247243,1.8440046456863877,0.010744612773047042,66369.0,0.0,61020.82222471212,0.0,6.087753773583927,0.023683858312872254,1.106002309733869,0.002920192122010341,-0.9175806020157061,0.002843435988331431,0.9147062980001227,0.058754107172428634,2.146375418544239,0.008230916082813532,0.7231808531444273,0.01483747576891643,250.0,0.0
0.01,multi_wall,22.0,11.0,692.0,0.0,622.7342868092871,0.0,69171.2,0.0,62288.73393528755,0.0,692.0,0.0,622.7342868092871,0.0,3.4,0.0,0.490880693673816,0.0,5.953767434508698,0.009006294429431974,1.3236577232883153,0.031384985044584604,4.558946031252543,0.0031713564372040266,1.0000273769814267,0.011557747616934235,3.728875264485677,0.004689707835997209,0.9519782691390595,0.02799853667679773,9.371762283960978,0.011260808616752402,1.9815115797112604,0.00761566027663327,11.47773312886556,0.024919465096958766,2.4522179294253434,0.02946192037911515,0.022603094700879067,0.006319508029963042,0.3280795807530541,0.021019554102616318,5.94575046157837,0.008167195631337483,1.3193164968909776,0.030089575763792342,69171.2,0.0,62288.73393528755,0.0,5.643303482536818,0.04957125890638291,2.1447866351516858,0.07589233565204827,5.998472678128789,0.006628509644107296,1.3714627346114519,0.0350084976922055,6.164030903815835,0.00980044598480638,1.4199095194445623,0.03818527350219686,5.953767434508698,0.009006294429431974,1.3236577232883153,0.031384985044584604,69171.2,0.0,62288.73393528755,0.0,3.787878787878788e-06,0.0,7.5909546975019154e-06,0.0,5.955708636586933,0.009181401153880143,1.3253191672760407,0.03170869369850089,4.559848008473714,0.0031867894517906164,1.0003218738884623,0.011488319011404775,9.373473883310952,0.011329838888790173,1.9822878209785124,0.007799879225449432,68479.2,0.0,61665.9996840083,0.0,5.644662107189133,0.049390917199353526,2.1463404334851135,0.07513107909780414,6.000386814965258,0.0068044192641768695,1.3733572311679343,0.035331868555111834,5.853243042772622,0.009104948502792976,1.2771595152644313,0.020536038096801785,4.507952618916829,0.0032294207035701017,0.997241240751532,0.011455202775847594,9.278634715398152,0.010900667720716383,1.9775197455236686,0.006095121044370883,66369.0,0.0,61020.82222471212,0.0,7.323877835132275,0.027425036248806153,2.3333472027442292,0.13374369514537698,0.0,0.0,0.0,0.0,3.0639560205599454,0.0053910456356141,1.1254619755689181,0.03818162805108316,250.0,0.0
0.01,direct_rf_geometry,22.0,11.0,692.0,0.0,622.7342868092871,0.0,69171.2,0.0,62288.73393528755,0.0,692.0,0.0,622.7342868092871,0.0,3.4,0.0,0.490880693673816,0.0,6.214606489946796,0.06174433274903083,1.2223578231491328,0.03656022566452879,4.389262811183929,0.032512596622299515,1.044859831554657,0.02066575280313761,3.0357860005696615,0.014181774802445233,1.2265894086338232,0.01105703386839606,10.532194622675577,0.08747980425922655,2.2035062530032943,0.10760218047148078,13.232783812204998,0.14400859090621176,2.648663036771089,0.1210412222011194,0.05576092210163667,0.042240472245381466,2.5270434250474283,0.03613523435722978,5.728523887634277,0.053774797807386046,0.966120972377308,0.033364960141820374,69171.2,0.0,62288.73393528755,0.0,0.8738229131996444,0.03518403195463254,0.527383967597372,0.08062965967897866,6.4592170871349674,0.06353890364518304,1.2539158782296562,0.0350390368110004,6.824469440462018,0.06893257289058266,1.308553019574751,0.03692543282618163,6.214606489946796,0.06174433274903083,1.2223578231491328,0.03656022566452879,69171.2,0.0,62288.73393528755,0.0,3.787878787878788e-06,0.0,7.5909546975019154e-06,0.0,6.214305320451797,0.061555112398187055,1.222606201252896,0.03658095409006889,4.3889122767448425,0.032349298531073455,1.0451729308492819,0.02064939967910054,10.531502277374267,0.08726673638140771,2.203852937235476,0.10781281662982575,68479.2,0.0,61665.9996840083,0.0,0.8734238316710908,0.03507433884385217,0.5273501093383933,0.08083850152907425,6.458891272507825,0.06335109341206091,1.2541460815272407,0.035060599491952005,6.1084016524921845,0.06185733542579673,1.2467529159710977,0.03797307096382757,4.296603581269583,0.032222554965504954,1.0731603933316036,0.021218071550048935,10.36241012318929,0.08830673456618546,2.240010690434008,0.10858698611857837,66369.0,0.0,61020.82222471212,0.0,7.944673375090637,0.06469877800750348,1.7987417282291116,0.03941344195843461,0.2608390554380972,0.05775810149818282,1.4741839844299072,0.08800582242577497,3.324795075998042,0.06314910616282542,1.313675435348185,0.05975285676609788,250.0,0.0
0.01,log_distance,22.0,11.0,692.0,0.0,622.7342868092871,0.0,69171.2,0.0,62288.73393528755,0.0,692.0,0.0,622.7342868092871,0.0,3.4,0.0,0.490880693673816,0.0,7.468104951394664,0.0012684913107424572,1.993838008329849,0.0017233221220720762,6.008945845603943,0.004021602706522461,1.7048585777239174,0.005644695027198947,5.190937530517578,0.009835747091181103,1.7033039049341578,0.007599714811071476,12.126271357218423,0.0025584214481161817,3.1987386409002228,0.014578312699976144,14.302943953196205,0.026194968431072267,3.640335407875573,0.036840518166222073,-0.0328697454514913,0.01257687809119251,0.42678747047529547,0.023645274280647527,7.4578516330719,0.002040966321443454,1.9867899964769242,0.0004585570484129033,69171.2,0.0,62288.73393528755,0.0,9.545299824934538,0.025075403545283367,3.8985240684488467,0.14194898375867732,7.2640624094943185,0.005946611932900549,1.980716580500802,0.003471192693172772,7.248224423878383,0.008154102166975482,1.993715527249611,0.007172622521657308,7.468104951394664,0.0012684913107424572,1.993838008329849,0.0017233221220720762,69171.2,0.0,62288.73393528755,0.0,3.787878787878788e-06,0.0,7.5909546975019154e-06,0.0,7.468818544165845,0.0013140097039092515,1.994017670061945,0.0017435784979003748,6.009423844973246,0.003783084893575364,1.7049242425975795,0.005518498925971641,12.12749001121521,0.002246604174574739,3.199341824144863,0.014662781125115506,68479.2,0.0,61665.9996840083,0.0,9.54715385764333,0.024551160284017895,3.89829021363337,0.1461573765298878,7.2644995391775105,0.0058405910219211325,1.9808207085885365,0.003909755734560072,7.46081523880424,0.0006466663691245036,2.000152655712478,0.0023906697913608325,6.0043583504358935,0.00411648327374924,1.7121880072305629,0.006321695835780878,12.111058424631755,0.003553270430706296,3.203130893708804,0.014396431570142547,66369.0,0.0,61020.82222471212,0.0,7.6393784444457244,0.0085397973765417,1.8936708956134678,0.006634943517434369,1.5143375168859652,0.008347705929161772,1.477238882027562,0.008323313084337671,4.57829353744591,0.007399373206068088,1.4264120175926258,0.015760814899370697,250.0,0.0
0.05,direct_extra_all_features,22.0,11.0,3458.8000000000006,0.0,3114.3119812353198,0.0,69171.2,0.0,62288.73393528755,0.0,3458.8000000000006,0.0,3114.3119812353198,0.0,3.4,0.0,0.490880693673816,0.0,2.214256386218405,0.006116892610763474,0.650213674962007,0.010474852462508401,1.3947101899782817,0.004181990901520621,0.46293331432879764,0.006348760132738337,0.7655463638305665,0.002812606813541244,0.2923018331858341,0.003906992082312824,3.552764438152313,0.01056651270159233,1.194747080122523,0.01878328249295338,4.918803508122762,0.020636728877337328,1.4325073459812998,0.03302456831318884,-0.10064652014473296,0.008855751449713848,0.2286511077994213,0.008484887534863548,2.203589646975199,0.005423674263217692,0.638559842409915,0.00903373454872378,69171.2,0.0,62288.73393528755,0.0,0.6950293836887648,0.0069544917302077295,0.2913842589053412,0.012142395592271971,2.2981005704241073,0.005967721850677105,0.6784713090471093,0.010182198517573224,2.398810281928285,0.006095205214152799,0.6939818414509767,0.008846855459293895,2.214256386218405,0.006116892610763474,0.650213674962007,0.010474852462508401,69171.2,0.0,62288.73393528755,0.0,3.787878787878788e-06,0.0,7.5909546975019154e-06,0.0,2.2645909336418257,0.005879593244370487,0.66206934144434,0.010259610418618826,1.443036530017853,0.0038380725871221236,0.4775470581843624,0.006104999787741559,3.646535321394602,0.010686836038852031,1.2078512245005546,0.019014606259269068,65712.4,0.0,59174.42195997515,0.0,0.702350369017887,0.006939334879051636,0.29298376278443805,0.011940475748011084,2.3505495661403493,0.005741893178784106,0.6909602089132765,0.009995736625881997,2.1196283782056877,0.006356204671008669,0.644943653144087,0.010723393508081743,1.326984085559845,0.004106550698616951,0.4482311560953632,0.0064468667740505015,3.3808413008054097,0.010581532830001942,1.19176569914469,0.018147593283028805,66369.0,0.0,61020.82222471212,0.0,3.4799258343386192,0.003775381080454923,0.5688995658390734,0.007015406534876035,-3.6555143652396374,0.007264489677378585,1.0944475483713956,0.001197505933745548,-0.013327216220329766,0.0019240458687580073,0.06561619447661647,0.009382224238816593,250.0,0.0
0.05,direct_rf_all_features,22.0,11.0,3458.8000000000006,0.0,3114.3119812353198,0.0,69171.2,0.0,62288.73393528755,0.0,3458.8000000000006,0.0,3114.3119812353198,0.0,3.4,0.0,0.490880693673816,0.0,2.227583602438734,0.008015236332179355,0.6534019929440154,0.010502553251335537,1.3685594668388366,0.0038407001509504677,0.4579981259889287,0.004249076019462329,0.7238044230143229,0.0013486856573988123,0.2801282290943217,0.002045625090927032,3.5268083100318908,0.010035447053680504,1.1941721400539904,0.013996600479042904,4.956951597213745,0.02458687683713659,1.4165546187895883,0.032964178731131014,-0.05232193025957287,0.0035633302517303414,0.167238908671262,0.008131056305905163,2.2222363963127134,0.007650380675218087,0.6482815666335885,0.009666655921722351,69171.2,0.0,62288.73393528755,0.0,0.7754431220752517,0.007170583174962029,0.3375460775740993,0.03609329978675447,2.3093771519810167,0.00796185775379724,0.6833268709070582,0.010774626286898903,2.409108006730204,0.007859477508861897,0.7001120698927933,0.009226740910709878,2.227583602438734,0.008015236332179355,0.6534019929440154,0.010502553251335537,69171.2,0.0,62288.73393528755,0.0,3.787878787878788e-06,0.0,7.5909546975019154e-06,0.0,2.2800398914944853,0.008119715544179016,0.6671682688334294,0.010615806948310472,1.4220871319770814,0.003901067482440888,0.4754117313862121,0.00441993537674159,3.6258693704605105,0.010501600449985594,1.2097421517751483,0.014426940724443787,65712.4,0.0,59174.42195997515,0.0,0.7874734585949598,0.007337101676495447,0.3443263646397814,0.036412961986585356,2.363901585491955,0.00808478546149778,0.6978412226087882,0.010908963016006133,2.1258964830486993,0.008116953164693474,0.6406303520586971,0.01058271250279133,1.2981871658166249,0.0036590775650996213,0.43952431188179925,0.0039748937173236035,3.343987633864085,0.009417412515163459,1.182230625679993,0.01263442030622974,66369.0,0.0,61020.82222471212,0.0,3.5542519881615244,0.009412824422152655,0.6345842160942889,0.013342495542538394,-3.6421871490193074,0.009127302593663589,1.0804579132787289,0.004750372834495349,0.0,0.0,0.0,0.0,250.0,0.0
0.05,wallpath_extra,22.0,11.0,3458.8000000000006,0.0,3114.3119812353198,0.0,69171.2,0.0,62288.73393528755,0.0,3458.8000000000006,0.0,3114.3119812353198,0.0,3.4,0.0,0.490880693673816,0.0,2.248887007009482,0.007105876297792467,0.6797611868628163,0.009923610955493576,1.3235169064203898,0.0029577525152406233,0.47431638704966833,0.003308157005800224,0.6359585151672363,0.0006513005052888473,0.29133004990840033,0.0010690032706474149,3.480133947372437,0.005975442425364652,1.2113162358623188,0.008981604022241565,4.954204186121623,0.017712883961816025,1.4145909660867444,0.016346881642998717,0.006974966037009467,0.0028893849900281125,0.10976532099763149,0.002061087511448842,2.246687461217244,0.007084899624683042,0.6783107841279831,0.009846161727126546,69171.2,0.0,62288.73393528755,0.0,0.9393529142312156,0.012658263357314202,0.46917912239288984,0.032658898371937306,2.330351556078357,0.007229705897935724,0.7132128546327166,0.010723601862908223,2.436010378507201,0.007285787916109007,0.7347660140366532,0.009362825050100512,2.248887007009482,0.007105876297792467,0.6797611868628163,0.009923610955493576,69171.2,0.0,62288.73393528755,0.0,3.787878787878788e-06,0.0,7.5909546975019154e-06,0.0,2.30540257950265,0.0072342241369335505,0.6967123859303133,0.010075133998697786,1.381852584282557,0.0029388978207413757,0.49600982644076347,0.003439497498534953,3.5867304426829016,0.005138629308706636,1.228070242747828,0.008183489940766012,65712.4,0.0,59174.42195997515,0.0,0.9611119918942013,0.012339086146424967,0.47949707837711747,0.03203440212837716,2.388958279715936,0.007384397077361695,0.7310125113210137,0.01093243932143379,2.1289105770297745,0.0073347524111797915,0.6537503099186175,0.009109240060162293,1.2482035171985626,0.00267064249168281,0.45196739897629185,0.0030115117014896157,3.2854645603497823,0.004785877967801953,1.1952166820509722,0.008078115636229923,66369.0,0.0,61020.82222471212,0.0,3.730777532044686,0.007841638980215124,0.8719116621123947,0.0053790319480522,-3.6208837444485593,0.007794133327021817,1.0602543475962372,0.009427562414553323,0.021303404570747503,0.0037786631320999423,0.12988733965747665,0.015353924510558295,250.0,0.0
0.05,wallpath_rf,22.0,11.0,3458.8000000000006,0.0,3114.3119812353198,0.0,69171.2,0.0,62288.73393528755,0.0,3458.8000000000006,0.0,3114.3119812353198,0.0,3.4,0.0,0.490880693673816,0.0,2.291374175282033,0.0056885447185084734,0.7044121352625122,0.006084057107987564,1.3314670979976653,0.0036630978981392727,0.4869474730263382,0.0025637057447433858,0.6318742294311523,0.0014132665240801018,0.3006533503905489,0.000885426667840207,3.5029641637802125,0.009682250170360321,1.2317722325025102,0.008044560694836094,5.00419003423055,0.016573781250317585,1.4462280179999552,0.01328477464980128,0.007331850184750968,0.0032609108081982597,0.1169597197330018,0.0005363813182603476,2.288941027323405,0.005711638207253134,0.7027518492266287,0.006066929642500489,69171.2,0.0,62288.73393528755,0.0,1.0597857930506998,0.016505325485169038,0.5627572175001022,0.04465218631193311,2.3722564143232883,0.005677635168229065,0.7376834799896325,0.006505684787592587,2.4805222718177267,0.0057737874981288306,0.7593642596631907,0.005027377773537222,2.291374175282033,0.0056885447185084734,0.7044121352625122,0.006084057107987564,69171.2,0.0,62288.73393528755,0.0,3.787878787878788e-06,0.0,7.5909546975019154e-06,0.0,2.348214344418906,0.0058347528324999304,0.7220903301733439,0.006231887139441513,1.3879315772851308,0.003854438119308383,0.5089087500175526,0.0026847091199366496,3.610124942143758,0.010476781206892582,1.2489896823974158,0.008772828516920347,65712.4,0.0,59174.42195997515,0.0,1.0839483380211592,0.016550952420834614,0.5748831290078478,0.04439201794778617,2.431163829215489,0.0058583063981721435,0.7562376389247554,0.0067120244156281495,2.1656314194466186,0.005911081813335408,0.6737360498273102,0.006049620060582045,1.2549277953306834,0.0033640118879459903,0.4640718549034682,0.002219600080394488,3.306604173660278,0.008346496436981649,1.2157225144903725,0.007490359206761731,66369.0,0.0,61020.82222471212,0.0,3.821547864465883,0.014055905568820316,0.9800221656563878,0.020293799787602658,-3.578396576176008,0.006839893165344602,1.0546883408620245,0.008313948268115455,0.0637905728432987,0.002348746416016802,0.1563215051437969,0.007009173400801033,250.0,0.0
0.05,wallpath_calibrated,22.0,11.0,3458.8000000000006,0.0,3114.3119812353198,0.0,69171.2,0.0,62288.73393528755,0.0,3458.8000000000006,0.0,3114.3119812353198,0.0,3.4,0.0,0.490880693673816,0.0,2.4081722982971265,0.0028803049842724754,0.6146086786662963,9.250132740599263e-05,1.6079038099447887,0.0013579620076412718,0.42170413620419095,0.00025482774032338675,0.9833311665852863,0.00069752798217231,0.28337421345327857,0.0004195215273891056,3.9295638154347734,0.004220716136689411,1.0750908962438652,0.0017501199874891422,5.229424301147461,0.004565862294448184,1.3630908073880121,0.0031939291198638587,-0.166581783337179,0.00810498162410946,0.2663888759225706,0.002795245463436968,2.390734304745992,0.002285307038850154,0.6025854222323127,0.000668423404497335,69171.2,0.0,62288.73393528755,0.0,0.761755284496715,0.00279445532422689,0.3192770195835953,0.006212459316460609,2.499469314525509,0.003110072014826561,0.6417541955879206,0.00015409553126186564,2.607538535041835,0.004096364083738797,0.6551938341331235,0.002257117115033772,2.4081722982971265,0.0028803049842724754,0.6146086786662963,9.250132740599263e-05,69171.2,0.0,62288.73393528755,0.0,3.787878787878788e-06,0.0,7.5909546975019154e-06,0.0,2.4656866125491175,0.002935635058623201,0.6278956027436614,0.00018172840665922532,1.670680794318517,0.0015320257160356928,0.43833685642675313,0.00034333112303279207,4.022457395553588,0.0040996660193605835,1.0940205300552768,0.0014254553326342148,65712.4,0.0,59174.42195997515,0.0,0.7801504656064489,0.003520131734393607,0.3268208835064725,0.006593247350323623,2.5592072293655206,0.003168781107366754,0.6557967221985548,0.0001202939402000142,2.317595804773694,0.003276484243116298,0.599808326001282,0.0001511006135681294,1.5425874723593394,0.0016499857985317224,0.406080742407772,0.0005167878437838712,3.775872098604838,0.00500081013252695,1.0579824118411632,0.0010504248916690486,66369.0,0.0,61020.82222471212,0.0,3.6275685892692073,0.004559151807261752,0.6379241955201973,0.010685758691310335,-3.461598453160915,0.0034843143417830273,1.0470058145282837,0.008658885464524991,0.18058869585839185,0.009341268360649965,0.10589328110542263,0.0041952915467022385,250.0,0.0
0.05,multi_wall_residual_idw,22.0,11.0,3458.8000000000006,0.0,3114.3119812353198,0.0,69171.2,0.0,62288.73393528755,0.0,3458.8000000000006,0.0,3114.3119812353198,0.0,3.4,0.0,0.490880693673816,0.0,2.9869718381429173,0.011274635284674353,0.7345297403099179,0.023412659690230785,1.9849068598747255,0.005221913166511681,0.45181745644851473,0.0034576623279361195,1.3407308540344236,0.0019443757101821725,0.31278517801443084,0.0034263982935418247,4.57777790705363,0.010939231002556393,1.1034252279688748,0.009236586364336458,6.015063528696696,0.01887186249565409,1.4654597756576007,0.012553194861782552,-0.0013826427286257666,0.004991428851860544,0.10099655915026028,0.00496714719546757,2.9855585433642067,0.011250037791899092,0.7335582129454452,0.02323945750990467,69171.2,0.0,62288.73393528755,0.0,2.378994875091651,0.02395488920985983,1.1090860638203546,0.0591823419377653,3.054010910101981,0.011710480619965541,0.7788846786803263,0.02406118934564264,3.174236291707636,0.012309768976605085,0.8094299477919625,0.023324332499538143,2.9869718381429173,0.011274635284674353,0.7345297403099179,0.023412659690230785,69171.2,0.0,62288.73393528755,0.0,3.787878787878788e-06,0.0,7.5909546975019154e-06,0.0,3.0645857573945623,0.011567684557025252,0.7536270597442561,0.024021215066829228,2.0893992985089618,0.005496826395611999,0.4756193770227745,0.0036397689923937664,4.6824563331604,0.011412093904745409,1.1284334744299562,0.010084484953043706,65712.4,0.0,59174.42195997515,0.0,2.439640561663458,0.022900917690900177,1.132565251356743,0.055819112568085326,3.1333929715362157,0.012062632741223506,0.7991565235051906,0.024784942936190178,2.8681563872325806,0.011837959197643,0.6914936701229412,0.019228556919005484,1.9208265051841737,0.004828813736181743,0.43451162892510325,0.003007502748327976,4.446000807762146,0.010880751360828883,1.0775557872287729,0.011209285552555811,66369.0,0.0,61020.82222471212,0.0,4.489128511974376,0.014705513137939698,1.3418121026598737,0.016838136220312647,-2.8827989133151246,0.012150067017707685,0.8850198350036339,0.007970794083475705,0.7593882357041827,0.004197169163380602,0.3130769206162951,0.025881695132505832,250.0,0.0
0.05,idw,22.0,11.0,3458.8000000000006,0.0,3114.3119812353198,0.0,69171.2,0.0,62288.73393528755,0.0,3458.8000000000006,0.0,3114.3119812353198,0.0,3.4,0.0,0.490880693673816,0.0,3.3705134236510754,0.005384091122487369,0.6593037336282164,0.011504344919053099,2.469644202868144,0.0031464979130564445,0.49478426322256946,0.007159779832205041,1.8757540918986002,0.00213588347926575,0.40708164493480864,0.004018781692125261,5.496047836303711,0.00776690078785219,1.1162251250551505,0.015173168188748611,6.917526077270508,0.004897889705534268,1.397275381469121,0.016614325960724846,-0.07787818743515523,0.004366591386627837,0.140494548676782,0.0070191924732547345,3.3670989592870075,0.0055291357100613146,0.65749729015098,0.01174457690936701,69171.2,0.0,62288.73393528755,0.0,6.25615953785465,0.08465666081268262,2.5870536528201096,0.25569123114277953,3.18194970547357,0.0028035970021263487,0.6611192651351414,0.00405558158575965,3.1809412288044654,0.001078331120635175,0.6399622229464458,0.004245785921468634,3.3705134236510754,0.005384091122487369,0.6593037336282164,0.011504344919053099,69171.2,0.0,62288.73393528755,0.0,3.787878787878788e-06,0.0,7.5909546975019154e-06,0.0,3.4580932002032836,0.005524012047590773,0.6764505758916942,0.011803377167697499,2.5996545583407085,0.0033121710850572625,0.5208534050143104,0.007536862316191531,5.603005268732706,0.007601780718773228,1.137178990307932,0.01439119287972895,65712.4,0.0,59174.42195997515,0.0,6.415583333412766,0.08193261133445424,2.641521493768098,0.24367234789722947,3.264657367869266,0.0029178936439415654,0.6783273918057177,0.00419267406135942,3.3308288506155797,0.005333600104221914,0.6567539838518378,0.012007072449263518,2.438506585121155,0.003144776997014796,0.49096150496656815,0.007490472011585621,5.427045833905538,0.008256278307699849,1.1083160682162463,0.016705006970271993,66369.0,0.0,61020.82222471212,0.0,4.031465811310285,0.01029985448985149,0.543665974226004,0.011440719609225575,-2.499257327806966,0.006680482790051161,1.0269022060315545,0.008788991308427044,1.1429298212123407,0.0037682347817647307,0.24549584451402348,0.009865654816991488,250.0,0.0
0.05,direct_rf_sparse_anchor,22.0,11.0,3458.8000000000006,0.0,3114.3119812353198,0.0,69171.2,0.0,62288.73393528755,0.0,3458.8000000000006,0.0,3114.3119812353198,0.0,3.4,0.0,0.490880693673816,0.0,5.005984958477877,0.011453191032959725,1.0149510403305284,0.005675202643110176,3.637542427062989,0.007684063235012458,0.8312613664125147,0.0028080367310355145,2.683913939158122,0.0029767467526710047,0.905794225201813,0.012570127619546784,8.422031441370647,0.026437766115469497,1.7751889160647991,0.003774114433008517,10.42903742345174,0.046355456014765775,2.1789131329262443,0.012192527625441717,-1.0198207651603346,0.02000527207052628,0.9244761565255653,0.011479115898742578,4.8143084561030065,0.008273297777182867,1.0107433034880957,0.0021587853177882314,69171.2,0.0,62288.73393528755,0.0,0.8235831275073,0.012381587511890026,0.41537888394521216,0.015492386382743155,5.207290634685185,0.012372095669786476,1.0677069463603004,0.004565091390774507,5.480996248712304,0.012834322668580618,1.0538746835077595,0.005279266568239553,5.005984958477877,0.011453191032959725,1.0149510403305284,0.005675202643110176,69171.2,0.0,62288.73393528755,0.0,3.787878787878788e-06,0.0,7.5909546975019154e-06,0.0,5.006272465180046,0.011095580672721149,1.0153754149364802,0.006044828542583864,3.637574448585511,0.007480418617297199,0.8316910811237018,0.0028982897303625834,8.422817000071207,0.026176842661074652,1.7758521712170225,0.003526658958018758,65712.4,0.0,59174.42195997515,0.0,0.821619120573949,0.012110595765496848,0.41692762675113704,0.014479008192263536,5.2076401681101245,0.01194901667304833,1.0680419072338518,0.004874819341296046,4.939021467540991,0.012513974147110642,1.0128760828185996,0.00540912969043155,3.5732571444511407,0.007984850672099846,0.8343075239656738,0.0027876342880643755,8.325672096252442,0.025931664032174798,1.7718759297793716,0.0029956021046596,66369.0,0.0,61020.82222471212,0.0,5.967376875611161,0.011562253641035369,1.1143464489514363,0.009772209820770341,-0.863785792980165,0.010578960270467768,0.8118985836807845,0.01819157424359665,2.7784013560391423,0.019380043272270546,0.7909407061094466,0.0023835710489950473,250.0,0.0
0.05,multi_wall,22.0,11.0,3458.8000000000006,0.0,3114.3119812353198,0.0,69171.2,0.0,62288.73393528755,0.0,3458.8000000000006,0.0,3114.3119812353198,0.0,3.4,0.0,0.490880693673816,0.0,5.8697707514580415,0.0013160981597507158,1.2468689538641933,0.003966247369062779,4.544746664683024,0.002603694778016036,1.0014319529152125,0.005501050628120856,3.745646990458171,0.0031910563479091007,0.9693195676618552,0.004521006816587673,9.33647718111674,0.018726502456174354,1.9617434170734391,0.02687459903383815,11.39214151763916,0.01933013276917132,2.3766119645132355,0.02802112040575726,0.0035187425985374666,0.008883695217499451,0.1297047336650595,0.004637901946185312,5.8685183286666875,0.0013428903698497602,1.2464538570373243,0.003833842791020186,69171.2,0.0,62288.73393528755,0.0,5.665208122054541,0.0043814289772898096,2.0384351292537453,0.030047541846261076,5.9070148604398325,0.0007180803670507217,1.276153349751328,0.0030803332419221635,6.06063094664835,0.0003556123178462012,1.3059890422306915,0.003067473334803937,5.8697707514580415,0.0013160981597507158,1.2468689538641933,0.003966247369062779,69171.2,0.0,62288.73393528755,0.0,3.787878787878788e-06,0.0,7.5909546975019154e-06,0.0,5.871349365633634,0.0009355434935860984,1.247882953899545,0.004749479211546944,4.545325127283732,0.00225810783840644,1.0016188800622265,0.005389635188690089,9.337460970560711,0.017390547479876558,1.9619038984059511,0.026225554962339158,65712.4,0.0,59174.42195997515,0.0,5.666945998873334,0.003390541756141984,2.039543603127364,0.03196847178564788,5.908598254150713,0.0004191253410262461,1.2773104522043282,0.0038398354311842057,5.788115344514932,0.001808977765471343,1.2323999165669834,0.0015650093223954036,4.498609775543213,0.002666400979397887,1.0010374121795864,0.006020522897529237,9.247360539118448,0.01857363896679386,1.9600414509653197,0.02724519970510505,66369.0,0.0,61020.82222471212,0.0,7.067919258422267,0.00902963402685559,1.7251941118602663,0.028259022972528487,0.0,0.0,0.0,0.0,3.6421871490193074,0.009127302593663589,1.0804579132787289,0.004750372834495349,250.0,0.0
0.05,direct_rf_geometry,22.0,11.0,3458.8000000000006,0.0,3114.3119812353198,0.0,69171.2,0.0,62288.73393528755,0.0,3458.8000000000006,0.0,3114.3119812353198,0.0,3.4,0.0,0.490880693673816,0.0,7.0788961574753735,0.009830255660557006,2.413891929265446,0.03197873132144253,5.048168169975281,0.005916405991718961,1.9133914623523003,0.016400022458995148,3.507486656188965,0.006360086949543049,1.7183299309089557,0.00815304310158789,12.109874683380127,0.01639312573567507,4.564416230033331,0.07296439449107006,15.004666866302491,0.012032985105203653,5.116074177856036,0.09137077203356156,-2.7794856439599145,0.01625807420675278,2.94749240233059,0.023846796594866857,6.082041020711263,0.011358593373046457,1.5986770411781979,0.026332255835382297,69171.2,0.0,62288.73393528755,0.0,0.8090684102986591,0.008936730378184677,0.3993613058373609,0.006727653052914293,7.33902702712659,0.009903793071319306,2.4120782341797438,0.03392644574949392,7.730674273973456,0.010603863235845432,2.4005356396006907,0.03620143263926998,7.0788961574753735,0.009830255660557006,2.413891929265446,0.03197873132144253,69171.2,0.0,62288.73393528755,0.0,3.787878787878788e-06,0.0,7.5909546975019154e-06,0.0,7.078590599014267,0.009307484815141872,2.414312937790953,0.03243838246316342,5.0475399258931475,0.00568571074190973,1.913767062637051,0.016501350283112767,12.108968635559082,0.014037184665868167,4.564423156297515,0.07497519186766638,65712.4,0.0,59174.42195997515,0.0,0.8066786750230377,0.009357404243050422,0.40046338432123624,0.007706787488530815,7.338782916312902,0.009288610993397962,2.4125152471971685,0.034552379622387615,7.00917322411784,0.010320019815802193,2.45183265314192,0.03181220794175076,4.982779077212016,0.006171737253164645,1.9339819223704715,0.015970661055403925,12.023921794891358,0.01982146935053773,4.620132813905008,0.07079964875761241,66369.0,0.0,61020.82222471212,0.0,8.250253412778742,0.010047944208597158,2.1287679827324744,0.040696905305815434,1.2091254060173322,0.00881961777758605,2.046964277434898,0.02529428393751018,4.85131255503664,0.014469856738891295,2.012279659261703,0.022062783249243902,250.0,0.0
0.05,log_distance,22.0,11.0,3458.8000000000006,0.0,3114.3119812353198,0.0,69171.2,0.0,62288.73393528755,0.0,3458.8000000000006,0.0,3114.3119812353198,0.0,3.4,0.0,0.490880693673816,0.0,7.44433552889036,0.00011782568806677968,1.980577749001803,0.0005295514720893192,5.993317464192709,0.001396869325527943,1.6956841368290583,0.00027260323627161957,5.1812801335652665,0.00341523172126748,1.7004618768904753,0.0035493868377836873,12.09481373723348,0.00864659160794375,3.1687354413082502,0.012591309149380043,14.239030643463133,0.01109035044855259,3.5988408699997176,0.02312604928139295,-0.007217236781259978,0.008731326051798854,0.17571681080855558,0.005046544204358145,7.442642524719239,3.9128116773667296e-05,1.979642550636222,0.0002279066369712477,69171.2,0.0,62288.73393528755,0.0,9.498627061728415,0.02614472913538376,3.7616931828277735,0.14769682350872554,7.242431390255507,0.0003346932310444609,1.968470015977912,0.0035564726204992334,7.223411413629582,0.0005884498825138441,1.9776132163236229,0.004428526244265908,7.44433552889036,0.00011782568806677968,1.980577749001803,0.0005295514720893192,69171.2,0.0,62288.73393528755,0.0,3.787878787878788e-06,0.0,7.5909546975019154e-06,0.0,7.444674488292935,0.00022069671290387202,1.9810160916643946,0.0003955616299928831,5.993536554336548,0.0013514961848685937,1.696041162173626,0.0005634130630605694,12.094884012858072,0.008456705348460169,3.169256119838509,0.012331935801146603,65712.4,0.0,59174.42195997515,0.0,9.501953658799927,0.02902360864388351,3.7703942491343856,0.14571750670011352,7.242462692036248,0.0004186214036276199,1.9688085166898912,0.0035647855593023826,7.437114018233185,0.0001497320418716411,1.9871872649503632,0.00033117311195293936,5.988997307459513,0.0014153351385490101,1.7034798698381397,0.00037832313004630897,12.0790600827535,0.008864835155105102,3.171989397344833,0.013303461963791974,66369.0,0.0,61020.82222471212,0.0,7.616006460822246,0.0013784169443099086,1.8760321492331549,0.005593964241430934,1.574564777432318,0.0014334647069768306,1.4542095818467917,0.0008667323300763353,5.216751926451625,0.007912883041568734,1.5247080834725082,0.012406265410479725,250.0,0.0
0.1,direct_extra_all_features,22.0,11.0,6917.2,0.0,6228.817127773537,0.0,69171.2,0.0,62288.73393528755,0.0,6917.2,0.0,6228.817127773537,0.0,3.4,0.0,0.490880693673816,0.0,1.9378648613435316,0.0018723484434747008,0.5691205612755182,0.002034799086378643,1.1796635865370433,0.0040082302137210675,0.39726383512206204,0.00025279430396694973,0.6128997815450032,0.004133833168294406,0.23567491022405138,0.002716485535160627,3.0274785997072855,0.009878550155087271,1.0690814667359758,0.0053090102768607195,4.299015158017476,0.007903720506943003,1.2869764885177213,0.008649285076551974,-0.06320036801478511,0.0028494550565398746,0.17042076923275765,0.006918607458391377,1.9313031255404154,0.0013697471097847127,0.5625395705831743,0.001652913088990237,69171.2,0.0,62288.73393528755,0.0,0.661182200537715,0.005558961572835225,0.2724018243630155,0.011600315340314258,2.010502974287147,0.0018572799843831235,0.59492942979767,0.001896152921006073,2.0980509050030585,0.0015577493815518513,0.6090001182884216,0.001714776617586742,1.9378648613435316,0.0018723484434747008,0.5691205612755182,0.002034799086378643,69171.2,0.0,62288.73393528755,0.0,3.787878787878788e-06,0.0,7.5909546975019154e-06,0.0,2.033931433038676,0.002335793991783683,0.5931171992392389,0.0028084974561320853,1.2754240012963614,0.004476070873542604,0.4255110712472218,0.0012051330275585407,3.208016187985738,0.009746722051165424,1.1003898266875571,0.006159384573350107,62254.0,0.0,56059.9168095241,0.0,0.6813684725279116,0.005214525120080008,0.2774528866633914,0.011541496894266734,2.1105058610899974,0.00228008650890786,0.6202942897326039,0.002541642543600493,1.8446613129265368,0.0022777054618373055,0.5633412643051505,0.002388217516341898,1.1174137771129609,0.0039776056077946605,0.3831684542512699,0.0003028077231770489,2.859997983296713,0.010430500997520372,1.0570542709422197,0.005155296846481578,66369.0,0.0,61020.82222471212,0.0,3.1531491356966908,0.0018863230744707317,0.5191045131083096,0.012784312738121329,-3.922663654747779,0.001890833975906142,1.0874264378080323,0.00492904936035619,-0.011271466496129132,0.0013443568285886717,0.0646345570706373,0.01754173482993377,250.0,0.0
0.1,direct_rf_all_features,22.0,11.0,6917.2,0.0,6228.817127773537,0.0,69171.2,0.0,62288.73393528755,0.0,6917.2,0.0,6228.817127773537,0.0,3.4,0.0,0.490880693673816,0.0,1.9491363278396605,0.0006274155343822846,0.5806854332964545,0.0017191966386544471,1.1366409477392831,0.0024570596202190442,0.3981853634151466,0.0014857441696850974,0.5522013422648112,0.0029971219053876647,0.23175618217581764,0.0008381108562280526,2.9780941197077433,0.0069732747457991835,1.0996121404884864,0.004032065306794745,4.325369620323181,0.004220814170790765,1.300997057736285,0.00386890147956248,-0.03290211491324583,0.003724386551663393,0.12449140694694576,0.007383714451500858,1.9458214635848998,0.0002746000566205705,0.577653486843255,0.0015031740198337674,69171.2,0.0,62288.73393528755,0.0,0.7204467324845711,0.0057229082138484195,0.29663698872968175,0.016099146736404925,2.0203803801038442,0.0005900224465454171,0.6089505684604838,0.0026577410139803155,2.107256581642821,0.0002031145079503742,0.6243201625893854,0.0030720336622453103,1.9491363278396605,0.0006274155343822846,0.5806854332964545,0.0017191966386544471,69171.2,0.0,62288.73393528755,0.0,3.787878787878788e-06,0.0,7.5909546975019154e-06,0.0,2.048278362183678,0.0006178366648534954,0.6082451150661073,0.0018692339775593528,1.239782551765442,0.002665490912593667,0.4327773407152605,0.001551522404055127,3.170465750694275,0.00572715967977286,1.1357227416633127,0.0032297456737382904,62254.0,0.0,56059.9168095241,0.0,0.7472899745571477,0.005208989066843219,0.3087732200874798,0.01749995104881651,2.123365051027683,0.0005772974605177254,0.6380812957280284,0.0030112080677521945,1.8490637864682267,0.0011631460242919156,0.5687656535567026,0.0020179446172842847,1.072342345794042,0.0024966277080933027,0.3812490045620997,0.0015945249847652717,2.8019222195943194,0.007046838329484937,1.0794519492640042,0.0036355037793288996,66369.0,0.0,61020.82222471212,0.0,3.223794408138149,0.0050891741807565765,0.5864806201367853,0.02163460530559723,-3.9113921882516496,0.000548932382144375,1.0750870013404503,0.001009531259850196,0.0,0.0,0.0,0.0,250.0,0.0
0.1,wallpath_extra,22.0,11.0,6917.2,0.0,6228.817127773537,0.0,69171.2,0.0,62288.73393528755,0.0,6917.2,0.0,6228.817127773537,0.0,3.4,0.0,0.490880693673816,0.0,1.9510811932203918,0.002924940147508643,0.6029763136711209,0.005661732156819673,1.0840884110530216,0.0007683738172423122,0.4066321591115338,0.0006639805332042154,0.458656930287679,0.00063101741692221,0.2159432037199578,0.0016544481918192718,2.905598966757456,0.00024021834863958893,1.1270909123981376,0.0014030752932923407,4.290048640886943,0.00576256003220247,1.3211921863066312,0.00598183969208854,0.007334321426737,0.0022100388824091294,0.08322005368269471,0.0007964020333123162,1.9496810975074768,0.002925476233083626,0.6018623650955953,0.005590723145865108,69171.2,0.0,62288.73393528755,0.0,0.7806525353494504,0.008426058818420961,0.37239627804488284,0.012286141782362347,2.0229410185076664,0.003159172850009311,0.6336548114776139,0.007487948403344147,2.115722233896736,0.00399471193246217,0.6526079702853184,0.009131078529235582,1.9510811932203918,0.002924940147508643,0.6029763136711209,0.005661732156819673,69171.2,0.0,62288.73393528755,0.0,3.787878787878788e-06,0.0,7.5909546975019154e-06,0.0,2.053979462320886,0.0028623301089713902,0.6346274137227731,0.0057951948052232605,1.187097747604052,0.0008932732874371128,0.4469548677215278,0.000759504240880464,3.1066610482533776,0.0006963706083270433,1.1631005690694707,0.0017402657278099878,62254.0,0.0,56059.9168095241,0.0,0.8197152080905363,0.008579298462600344,0.3911392456861851,0.012879195640368607,2.1296783439662565,0.003159169923705525,0.6669509072540393,0.0077950065769024956,1.8357311463554489,0.0018053185817375427,0.580189085685403,0.004305853300079916,1.0155531359910965,0.0006603371222376384,0.3861208535613137,0.000793190462257589,2.7181407842636105,0.0009931458213742526,1.104256598510125,0.0018021041725448607,66369.0,0.0,61020.82222471212,0.0,3.348041126957236,0.009091839868795394,0.7892508009051711,0.06659456526304702,-3.909447322870919,0.002683325455774584,1.06459810466898,0.0023213020551340552,0.0019448653807306998,0.0032198029832833544,0.0945617706416475,0.0025623700355969217,250.0,0.0
0.1,wallpath_rf,22.0,11.0,6917.2,0.0,6228.817127773537,0.0,69171.2,0.0,62288.73393528755,0.0,6917.2,0.0,6228.817127773537,0.0,3.4,0.0,0.490880693673816,0.0,1.9858048077979793,0.003220998820606164,0.6196155504480786,0.0074582773920272615,1.091648757616679,0.0003700249762808333,0.41485938041504417,0.00044902407591892145,0.45872110366821284,0.0007540201974303133,0.224408844789857,0.0006100400480486559,2.9252539947032923,0.0024165416760744225,1.138851860894052,0.002228996833062846,4.328552611033122,0.0030876417236676418,1.3389298177615594,0.004323945070802926,0.002904839647580967,0.00387642910274646,0.08810222985949273,0.0010361727196341035,1.9842505424817405,0.0032697694174444953,0.6184662542987257,0.007422909299473452,69171.2,0.0,62288.73393528755,0.0,0.8717687965033409,0.009531897536908742,0.4430632234178588,0.010185757943039282,2.057296666633196,0.003666951316483111,0.6504069733408154,0.010100405137768638,2.1519603901538513,0.004632715450374872,0.6692985528048858,0.011990512547921224,1.9858048077979793,0.003220998820606164,0.6196155504480786,0.0074582773920272615,69171.2,0.0,62288.73393528755,0.0,3.787878787878788e-06,0.0,7.5909546975019154e-06,0.0,2.089343368966217,0.0032810984439059477,0.6520553144571987,0.0076850440282140945,1.1930359990199406,0.0006121054404690973,0.4554723184181411,0.0007003388053203525,3.1265312668482466,0.002306246958157214,1.1760118410736788,0.002903469101975201,62254.0,0.0,56059.9168095241,0.0,0.9146684739294314,0.010344110218089928,0.46495180345010495,0.01145239791645068,2.1646377281398816,0.0037915120726954537,0.6845371395393199,0.010539268396689215,1.8667626287889314,0.0012244632422878476,0.5941143581261384,0.005791869195550559,1.0226675630807875,0.000492884276388397,0.39462941549013486,0.0004739280785502797,2.735769662618637,0.0036170145951947928,1.1163902143084512,0.001338363337155456,66369.0,0.0,61020.82222471212,0.0,3.4164505352000423,0.015331929924302599,0.8704169492490349,0.09452242747438937,-3.874723708293331,0.0029725993355820437,1.0568095132633217,0.0036760744857822127,0.036668479958318734,0.003506043243297127,0.11806966814195763,0.008118307983569831,250.0,0.0
0.1,wallpath_calibrated,22.0,11.0,6917.2,0.0,6228.817127773537,0.0,69171.2,0.0,62288.73393528755,0.0,6917.2,0.0,6228.817127773537,0.0,3.4,0.0,0.490880693673816,0.0,2.1787075300487486,0.0028432786250332277,0.5452326734725822,0.0013311243403109079,1.4300162593523662,0.0012017494613741479,0.36640726068866974,0.00049714591888646,0.8508052024841307,0.001352141774305738,0.23933835956969562,0.0012319940933800564,3.539286909262339,0.002824604011857952,0.95089492009024,0.0010148659289210542,4.737877475102743,0.0046818859513271735,1.214223923952843,0.0028765029632577305,-0.1081409321098617,0.006930213891540371,0.22640048687222394,0.001264190329000672,2.166601675669352,0.002507898038027614,0.5359486447323553,0.0011482187534975188,69171.2,0.0,62288.73393528755,0.0,0.7188018545385616,0.014523074858443603,0.2978181447391561,0.02578211711369439,2.2608802148105624,0.0028977206247677314,0.5704055964982467,0.002134994448633751,2.356760398748062,0.003583927151490052,0.5827897748001614,0.0034977530170596073,2.1787075300487486,0.0028432786250332277,0.5452326734725822,0.0013311243403109079,69171.2,0.0,62288.73393528755,0.0,3.787878787878788e-06,0.0,7.5909546975019154e-06,0.0,2.2919405509613,0.0028376590315896677,0.5720580372627181,0.0012014508980264188,1.559456998904546,0.0015786335477831711,0.39963281431387204,0.0006893099418848004,3.7204398376146948,0.0022662284340205533,0.9909885908067815,0.0013948295042282772,62254.0,0.0,56059.9168095241,0.0,0.756544434042263,0.01497694502802689,0.313421817680559,0.027658462349569438,2.3784306372760597,0.0029574262286717816,0.5986947566132861,0.0022436729559683517,2.091846273840338,0.0029728447139696604,0.5306344946686048,0.00111692107682183,1.3696732069651285,0.0013970364479872753,0.351729649192231,0.0005510502780493101,3.3912251707712806,0.003577559946318345,0.931802492918438,0.0021264810215236686,66369.0,0.0,61020.82222471212,0.0,3.337095460039317,0.0032358764323160657,0.5730761284690131,0.014520031954917998,-3.681820986042562,0.002829335112516628,1.0453972790228259,0.003136030132299432,0.2295712022090878,0.0033584396263141732,0.10517894536044436,0.0038797208922125683,250.0,0.0
0.1,multi_wall_residual_idw,22.0,11.0,6917.2,0.0,6228.817127773537,0.0,69171.2,0.0,62288.73393528755,0.0,6917.2,0.0,6228.817127773537,0.0,3.4,0.0,0.490880693673816,0.0,2.7483968572096438,0.004980888200048509,0.6541816457845181,0.007555807509601685,1.7960105079015094,0.0003770725354209789,0.3997667965714669,0.0004748793844279108,1.1998099950154621,0.0015131383200335416,0.27629113676773814,0.0009368838732811091,4.232195710500082,0.0028919357114339066,1.0064821781590048,0.00134308100209959,5.5710905736287435,0.006461392821132852,1.346873558955611,0.006799756709122664,-0.005394084735792867,0.0024708367528235332,0.06827078382622984,0.002026721005799237,2.7476857709884643,0.004990275591998646,0.6538008208671641,0.007629020857386527,69171.2,0.0,62288.73393528755,0.0,2.16564862072233,0.025600433440882826,1.0096833193721846,0.087699552515775,2.810753232332806,0.005929504159796967,0.695092256237702,0.011035398303726136,2.9211755339214647,0.00757580101648725,0.7223294484870949,0.014090265639511249,2.7483968572096438,0.004980888200048509,0.6541816457845181,0.007555807509601685,69171.2,0.0,62288.73393528755,0.0,3.787878787878788e-06,0.0,7.5909546975019154e-06,0.0,2.89707068708055,0.005250294773256603,0.6895734285248643,0.007964231930542177,1.9955752758979797,0.0004189432419965359,0.4441914697934841,0.0005276764633016849,4.4337408145268755,0.0031174330178842134,1.0565921232472562,0.0025903910242001185,62254.0,0.0,56059.9168095241,0.0,2.2826200556107095,0.026471256300697427,1.0619207247856828,0.08935013459718445,2.9628263666993395,0.006301395560635823,0.7327419825288463,0.011729978009173683,2.64101705939336,0.0035863218622792215,0.6183851221662576,0.00441417973122479,1.7375578066507975,0.00012342485509131543,0.3842367888999691,0.0005507605099961175,4.106282879511515,0.0024852779974165046,0.9807265113614424,0.001544075956396555,66369.0,0.0,61020.82222471212,0.0,4.129578531184635,0.024143596361966307,1.1502938703931653,0.111258883584185,-3.1121316588816668,0.00460733687805033,0.8940352384045501,0.0011400436245021933,0.7992605293699832,0.0050501853272841984,0.2591842278612137,0.005928929766628718,250.0,0.0
0.1,idw,22.0,11.0,6917.2,0.0,6228.817127773537,0.0,69171.2,0.0,62288.73393528755,0.0,6917.2,0.0,6228.817127773537,0.0,3.4,0.0,0.490880693673816,0.0,3.0791942282978333,0.003394006080809582,0.5757969283085954,0.0031110025673844067,2.223768764177958,0.0025594681649541576,0.42827174272809837,0.0019649486935116134,1.6987468287150065,0.0013923165703522463,0.36190200588059956,0.001235833940573338,5.037745487531026,0.007218439853677507,0.9819416580394842,0.007471570021947227,6.325078629811604,0.01640232819578311,1.2167773287357615,0.012507199202461263,-0.06801780768939837,0.00076805485939687,0.0959180637791547,0.0029251436951603814,3.0771619494756064,0.003329553682920138,0.574964929352687,0.0030467571866825624,69171.2,0.0,62288.73393528755,0.0,5.658081225487668,0.023363314388913415,2.23341689673517,0.1141424513023527,2.910750311391882,0.0032318185722629953,0.5815351986325132,0.0028381848383796267,2.910920372324455,0.0022635218664439323,0.5628507505032184,0.002069234421855148,3.0791942282978333,0.003394006080809582,0.5757969283085954,0.0031110025673844067,69171.2,0.0,62288.73393528755,0.0,3.787878787878788e-06,0.0,7.5909546975019154e-06,0.0,3.245762256382692,0.0035775902141135054,0.6069490057056691,0.003279243181045538,2.470864097436269,0.002843856433266382,0.4758656146079412,0.0021832325860132594,5.235713608423869,0.008331677736691169,1.018275087217131,0.008596109359120566,62254.0,0.0,56059.9168095241,0.0,5.963801167417095,0.023530641384416982,2.34640246843301,0.11682456849226566,3.06823181546294,0.0034501974726062036,0.6130405471504816,0.0029270011123984727,3.0412982778026927,0.0034734534118130607,0.5732964158790245,0.0030247686518754184,2.1954482851028447,0.002523603186527834,0.42519899470726735,0.0019830808972135915,4.971393889427185,0.0070351869176630884,0.9728472148042453,0.007091593696291979,66369.0,0.0,61020.82222471212,0.0,3.707843735026483,0.004499870811562461,0.4694878327585344,0.0074647880205673455,-2.7813342877934772,0.0036277652500420533,1.0147625614193154,0.0018494603332802754,1.1300579004581726,0.004019507481857857,0.22122253464285135,0.0028005489868673287,250.0,0.0
0.1,direct_rf_sparse_anchor,22.0,11.0,6917.2,0.0,6228.817127773537,0.0,69171.2,0.0,62288.73393528755,0.0,6917.2,0.0,6228.817127773537,0.0,3.4,0.0,0.490880693673816,0.0,4.970668157485814,0.019715112214962596,1.0269043045903261,0.005549107636639798,3.6182413730621334,0.012835886846179487,0.8411125100849112,0.002983620506376104,2.670097998301188,0.013900045531983382,0.9043772718772067,0.004399296830582781,8.370776579538981,0.035848661386794316,1.7860759830842048,0.013165315153898014,10.344936603546143,0.05125104603466162,2.2084423653935903,0.009765011281826913,-0.9528381572889243,0.007774110264976044,0.9346576465595673,0.012298709902144597,4.788787314732869,0.018637319622978536,1.0257882605544133,0.0036941675143959745,69171.2,0.0,62288.73393528755,0.0,0.8496851904542356,0.00855005527979064,0.4268456267685561,0.0013420770759183028,5.170962563706463,0.020993662165782478,1.0845142849860716,0.003333765315021774,5.440216611420058,0.020935245802475175,1.070684348919204,0.001766260041064091,4.970668157485814,0.019715112214962596,1.0269043045903261,0.005549107636639798,69171.2,0.0,62288.73393528755,0.0,3.787878787878788e-06,0.0,7.5909546975019154e-06,0.0,4.970868758298997,0.020007537821867174,1.0270606656120147,0.0054293247637070274,3.618164228439331,0.012958521117307676,0.8412877936158648,0.002717333044167432,8.371329861958822,0.0359723461528241,1.7864927826626964,0.012799701875814598,62254.0,0.0,56059.9168095241,0.0,0.8481452938103122,0.00801247676055924,0.42865694523024755,0.0006880720581294296,5.171258880146749,0.021235816987581434,1.0848552892947974,0.003365780440485482,4.903529017478523,0.020229239406008914,1.0233816880815618,0.0059019975957652,3.5541707061131795,0.012929597764977322,0.8427339996632052,0.0028603630951769495,8.27400489171346,0.03406045709594457,1.7802369686707697,0.01664808552346056,66369.0,0.0,61020.82222471212,0.0,5.946259194873914,0.01817617106090037,1.1166506767636104,0.0063780515582795546,-0.889860358605497,0.02013263756279714,0.8078515151007939,0.014124742593634583,3.0215318296461526,0.0197898512116191,0.7932214813858871,0.007117253475965656,250.0,0.0
0.1,multi_wall,22.0,11.0,6917.2,0.0,6228.817127773537,0.0,69171.2,0.0,62288.73393528755,0.0,6917.2,0.0,6228.817127773537,0.0,3.4,0.0,0.490880693673816,0.0,5.8605285160913105,0.00046312807335786523,1.2401962461204044,0.001578502835590822,4.54431702486674,0.0017328252824649745,0.9990174145302207,0.001157530291591804,3.7471611340840654,0.0033616725298092716,0.9647523093461615,0.0016882518510950649,9.342687024434408,0.004773956881398411,1.9632077764991263,0.003448552626697123,11.394331810633341,0.009056258547355166,2.3800176133889415,0.008017353067069749,-0.003082461131319433,0.005192244343343014,0.096372144185722,0.007568209064247013,5.8598725153605145,0.0005637338996829459,1.2399817245009714,0.001687682604177183,69171.2,0.0,62288.73393528755,0.0,5.677538005715839,0.018692515373489354,2.08027185075284,0.03882787421024071,5.895885771517507,0.0010432320569035442,1.269436460862404,0.0025821068302661508,6.048361455113313,0.0019400422718770984,1.30018805911667,0.0034839770516431967,5.8605285160913105,0.00046312807335786523,1.2401962461204044,0.001578502835590822,69171.2,0.0,62288.73393528755,0.0,3.787878787878788e-06,0.0,7.5909546975019154e-06,0.0,5.862508782167513,0.0006952729725878571,1.241703393159285,0.0016078231338965093,4.545340137799581,0.0014798429192693096,0.9992728570029262,0.0011423710763483834,9.344851997375487,0.0030867533152424565,1.965032039631968,0.004673667760963832,62254.0,0.0,56059.9168095241,0.0,5.679354624723377,0.02272357483097129,2.0903857949422293,0.045556005250624844,5.897873386856418,0.0015351679972114038,1.2712743608086643,0.002906786044720541,5.78357941649151,0.0017097340950683855,1.2280297334796944,0.002541210996776237,4.4993166122436525,0.0021206404756006093,0.9988662760156112,0.0016297583695335102,9.254437664667764,0.005191948795331178,1.9618750601517372,0.0031933383052109047,66369.0,0.0,61020.82222471212,0.0,7.010312363420664,0.018377270591381712,1.6508762527578922,0.07033083268504474,0.0,0.0,0.0,0.0,3.9113921882516496,0.000548932382144375,1.0750870013404503,0.001009531259850196,250.0,0.0
0.1,direct_rf_geometry,22.0,11.0,6917.2,0.0,6228.817127773537,0.0,69171.2,0.0,62288.73393528755,0.0,6917.2,0.0,6228.817127773537,0.0,3.4,0.0,0.490880693673816,0.0,6.5025013342173255,0.0399371636943648,1.7567113662893494,0.033382215806664436,4.684138692220053,0.02646512491657906,1.4891225231455094,0.013381648315555423,3.397296329498291,0.022224969759591193,1.530972632465237,0.013157701754757242,11.010287830988567,0.0664982650085859,3.1200349231998477,0.06973317814582145,13.727555958429972,0.11959459274953647,3.5851309013186476,0.11363698731972287,-1.8577529673823931,0.04483807405475918,2.4300119751189726,0.009095646017237436,5.852520373662313,0.0363843365749877,1.3335118870374683,0.04067758582518555,69171.2,0.0,62288.73393528755,0.0,0.8213771225531997,0.0036609983675282127,0.4022297924066988,0.0012941649681255565,6.74871444626713,0.04104873877175025,1.7632917409991908,0.0331893673857538,7.113648741597532,0.04274452324024794,1.7399343145659147,0.033499373438787915,6.5025013342173255,0.0399371636943648,1.7567113662893494,0.033382215806664436,69171.2,0.0,62288.73393528755,0.0,3.787878787878788e-06,0.0,7.5909546975019154e-06,0.0,6.502547592961126,0.03897020092371393,1.7564630722966958,0.0322779811207308,4.683757208824158,0.02583604514487868,1.4892158112990384,0.012241161799718498,11.011221017201741,0.06432806410048088,3.1199932739270504,0.06653600455451633,62254.0,0.0,56059.9168095241,0.0,0.8187404829660004,0.0037730977290200943,0.4033080469646482,0.0028259983292774175,6.748870560984826,0.04003566435985332,1.7632183240581822,0.032211429872011935,6.430007221753288,0.039777939365427485,1.7956744554672603,0.03164712461706187,4.617400877475738,0.02593914631494919,1.5174382132630075,0.01225421724249827,10.913194492340088,0.06387695676185937,3.173489032639374,0.07144291747246669,66369.0,0.0,61020.82222471212,0.0,7.674780268987166,0.04439220522245389,1.5100357473854313,0.03952726801103917,0.6419728181260148,0.03952505113352635,1.6548749683735453,0.02096291882806299,4.553365006377665,0.039401487599904146,1.5669105775666126,0.031183540326554373,250.0,0.0
0.1,log_distance,22.0,11.0,6917.2,0.0,6228.817127773537,0.0,69171.2,0.0,62288.73393528755,0.0,6917.2,0.0,6228.817127773537,0.0,3.4,0.0,0.490880693673816,0.0,7.441856225812802,0.00033241568759743675,1.9789908489964152,0.00046688832906436044,5.990617938995361,0.0008731980107785911,1.6956063291428611,0.0009821531215913342,5.176643311818441,0.00065961724258928,1.7008339629905151,0.0004984196961675073,12.088989627838133,0.0042977905818231705,3.1651291946261377,0.003776675142668729,14.236022616068523,0.0038449615482808695,3.5849824975235554,0.008335247166434119,-0.008530009842092066,0.004230290612900798,0.13062456628720143,0.0062766575627444515,7.440967031478881,0.000264060751436127,1.978510682811817,0.00029901184470898544,69171.2,0.0,62288.73393528755,0.0,9.481355131965891,0.029502552030591732,3.8109808796674316,0.07081207319887592,7.240887190653544,0.0019078175172429466,1.966433044477454,0.001273248172386412,7.223662172988014,0.0018430068206551774,1.9764594912015305,0.0008651205290801155,7.441856225812802,0.00033241568759743675,1.9789908489964152,0.00046688832906436044,69171.2,0.0,62288.73393528755,0.0,3.787878787878788e-06,0.0,7.5909546975019154e-06,0.0,7.442335549389743,0.0001785865918182619,1.979265661059272,0.0008944747919500277,5.990752469698588,0.0006615463288014633,1.695658849060831,0.0005552309127047282,12.088838060379027,0.002220249264058732,3.1650036108764823,0.0025740415270987006,62254.0,0.0,56059.9168095241,0.0,9.482400179546099,0.038517904676527624,3.819685149499932,0.09249077088081249,7.241048521018008,0.00224757341281149,1.9665636839737317,0.0014304555180546772,7.434940001693195,0.00042845109047077816,1.9857361755185847,0.0005584331469581379,5.986553518295288,0.0009670436734402338,1.7035430050729043,0.0009780667332542775,12.073356919606526,0.004438924649735405,3.1687342595003134,0.004277599200498681,66369.0,0.0,61020.82222471212,0.0,7.6098302990859,0.001105631868969594,1.8727942099955552,0.0020740281736343655,1.581327709721491,0.0006697620306879641,1.4538120516663418,0.0004337836484966178,5.492719897973141,0.000517766803588141,1.5662913028853627,0.001877934104206701,250.0,0.0
