verified_seed,transfer_condition,method,rmse,non_anchor_rmse,mae,p90_ae,los_rmse,nlos_rmse,high_wall_rmse,free_space_rmse,wall_region_rmse
11,Ant1-f1 source-like,direct_extra_all_features,2.8630526379413905,2.875160506802647,1.897680285692215,4.750431129455566,0.7426502159692691,2.9734889989063267,3.10386122885255,2.7719408645708223,4.1313446275673655
11,Ant1-f1 source-like,direct_rf_all_features,2.881270428178898,2.893959908012377,1.8929551503658295,4.759432734489441,0.7908054781241753,2.991263578984069,3.1216616024890977,2.785396878108753,4.18827457363098
11,Ant1-f1 source-like,direct_rf_geometry,6.184521392150152,6.184457518990128,4.37391706609726,10.509779420852661,0.8360209039489733,6.429699236280509,6.794038461155249,6.079894512769848,7.8894998886271255
11,Ant1-f1 source-like,direct_rf_sparse_anchor,5.024678025220699,5.024811853306392,3.6402273931503295,8.449758081436157,0.8385467901393411,5.2275150233872205,5.498425206090017,4.953034311741554,6.061404792267201
11,Ant1-f1 source-like,idw,4.226791240936065,4.248110468931707,3.1134957756996156,6.925487844467163,7.728450914642812,3.988118844095416,3.985630790826276,4.1872958398125695,4.895798216085926
11,Ant1-f1 source-like,log_distance,7.4671650562617105,7.467630422615299,6.012729655265808,12.127714574813842,9.518190007197314,7.264930118736628,7.248973406766472,7.460261775864282,7.635061687023826
11,Ant1-f1 source-like,multi_wall,5.9434094126064565,5.9451459667652715,4.558371753692627,9.383792726516724,5.612014915405259,5.992056026941924,6.154993553294487,5.842954254382684,7.292743241476517
11,Ant1-f1 source-like,multi_wall_residual_idw,3.6625549679301717,3.6810287069988235,2.4560344948768615,5.588402027130127,2.9364508870575263,3.740196767153457,3.8838838339177078,3.5225389134261444,5.342898443344132
11,Ant1-f1 source-like,wallpath_calibrated,3.004964164085984,3.018428469065023,2.0525504751205443,4.970574281692505,0.8164573035988796,3.1219950985604377,3.2611079305471984,2.9136059546554267,4.254742841908586
11,Ant1-f1 source-like,wallpath_extra,2.966839214602491,2.980939462399059,1.9214761936664582,4.818668835639953,1.287216158296299,3.0707683992861448,3.2026752962618326,2.855869610590013,4.410423348528225
11,Ant1-f1 source-like,wallpath_rf,3.0016507847128033,3.0157349746999773,1.9234544043540955,4.840607913970947,1.4459881400734744,3.103518788653597,3.238421546616784,2.8857231774488787,4.4862201354356985
11,Ant1-f2-f3 frequency shift,direct_extra_all_features,6.773818833353065,6.7929552048346755,5.0123169105052945,11.376788785934448,3.2185351584525224,6.942792074176221,7.238380763854849,6.672228793330625,8.395558326670482
11,Ant1-f2-f3 frequency shift,direct_rf_all_features,5.948492471933572,5.970780340056431,4.1941432654857635,10.013468777179718,2.950828854117006,6.121941416452795,6.363657576909122,5.805823882792323,8.055874020829425
11,Ant1-f2-f3 frequency shift,direct_rf_geometry,18.44371915991528,18.4442041560091,15.422500824928283,29.95943444633484,6.48254629520551,18.968515600420044,19.85516315110071,18.436624499616123,18.392245323729398
11,Ant1-f2-f3 frequency shift,direct_rf_sparse_anchor,10.2699880631559,10.270928070866573,7.976598978996277,17.162448710441588,3.660637998389663,10.590300499561287,11.024918530481319,10.16503464783538,11.790504378175179
11,Ant1-f2-f3 frequency shift,idw,7.126995376046142,7.162942213647452,5.318586740970612,11.759125675201416,11.983690865992916,6.843146986051222,6.8859289405151705,7.03477615455009,8.652752834149874
11,Ant1-f2-f3 frequency shift,log_distance,12.565188170626259,12.566201369732433,10.229795004844666,20.33937898826599,15.367869651140516,12.273523398724196,12.275327535699455,12.539154338749041,13.022798932602935
11,Ant1-f2-f3 frequency shift,multi_wall,11.02437632907289,11.027194200811927,8.741313226699829,17.646935037612916,10.8554623919452,11.073474016548946,11.332023130961867,10.901260492792243,12.756078043739215
11,Ant1-f2-f3 frequency shift,multi_wall_residual_idw,6.617020435196258,6.65039563621341,4.6705585422515865,10.527893601417542,5.837140930045517,6.722463670192899,6.937746150220074,6.418371945491276,9.219027884418864
11,Ant1-f2-f3 frequency shift,wallpath_calibrated,6.20309952626276,6.228234130653361,4.480301270961761,10.251213952064514,2.851887621447213,6.3814849758739935,6.6285684514872445,6.069189926957819,8.190099886605415
11,Ant1-f2-f3 frequency shift,wallpath_extra,5.743576842705334,5.767729258047351,3.91254373216629,9.54671919965744,3.4804962182767203,5.901063993630456,6.12349196227455,5.569792547099353,8.192880563016383
11,Ant1-f2-f3 frequency shift,wallpath_rf,6.326265647897048,6.3478369293080945,4.198870600938797,10.397610116958619,3.6723254508678966,6.501461971628645,6.768024562024554,6.144550814099685,8.861984270412503
11,Ant2-Ant5 additional antennas,direct_extra_all_features,7.996854394169682,8.010102228320081,6.396343494057655,12.910016276637712,9.669680635226346,7.746490623223935,7.922081696318708,7.979970176430138,8.296550270185575
11,Ant2-Ant5 additional antennas,direct_rf_all_features,6.00468857729549,6.022839407233245,4.450832863971591,10.004478163818519,5.488385033783617,6.06015647409291,6.228947180755074,5.924789233824542,7.28008078377789
11,Ant2-Ant5 additional antennas,direct_rf_geometry,24.172028462831502,24.172411953879227,21.912597482005754,35.25639130115509,18.088561671509193,24.448971297921037,24.875799527237813,24.241258816282908,22.66721659906046
11,Ant2-Ant5 additional antennas,direct_rf_sparse_anchor,12.826192323330215,12.826777000564105,10.635008206367493,20.415379060407478,13.512721995384076,12.703195022213295,12.462002956500232,12.855612848182751,12.114742225378142
11,Ant2-Ant5 additional antennas,idw,6.319019295475968,6.3508906142132595,4.685478056445718,10.351064710418383,11.164994214806583,5.9910616891375446,5.974999482428481,6.252516679849578,7.443318537558498
11,Ant2-Ant5 additional antennas,log_distance,11.600143654282036,11.601051381473305,9.452511526197195,18.75427897880475,14.403418174252312,11.306042563425123,11.185563402466128,11.58395290824054,11.893836084148464
11,Ant2-Ant5 additional antennas,multi_wall,10.282259971919045,10.284344099742576,8.214001188675562,16.471509284178417,11.135010662571133,10.23760681522598,10.311705336858758,10.18592882521539,11.632898688647654
11,Ant2-Ant5 additional antennas,multi_wall_residual_idw,5.893526883712006,5.923252428074213,4.19332211650908,9.352368680586418,6.067338978981966,5.929834087032201,6.060678057325806,5.728557471220047,8.038963392119188
11,Ant2-Ant5 additional antennas,wallpath_calibrated,6.4814044546539655,6.503639159285302,4.994516702691714,10.55076857239008,6.830052235558752,6.400064147733756,6.477290094282887,6.422718786984941,7.361112164387502
11,Ant2-Ant5 additional antennas,wallpath_extra,5.374437434846875,5.394990612905739,3.786543613088628,8.896950854311386,4.485708459791577,5.464673560833656,5.645167551887236,5.248008466727106,7.222954021948857
11,Ant2-Ant5 additional antennas,wallpath_rf,6.386154501798258,6.4038298219508984,4.32866040268292,10.481835792014996,4.541049582725112,6.51634523042034,6.773749021756601,6.255147353171514,8.285649978331232
22,Ant1-f1 source-like,direct_extra_all_features,2.8792736693969423,2.8914715448899058,1.91099862742424,4.781071276664734,0.7543502662992415,2.9900523427129375,3.1220712498806917,2.7900292827627395,4.139569502258507
22,Ant1-f1 source-like,direct_rf_all_features,2.8897299192494996,2.902516837649641,1.8990029711723329,4.777639476776123,0.7943817431594424,3.0001140671035396,3.132231238536906,2.794829918485299,4.198454549710979
22,Ant1-f1 source-like,direct_rf_geometry,6.285626961230178,6.2850939097012475,4.426608061790466,10.628701023101806,0.8798331390648069,6.53214571805511,6.903380818751471,6.179372390694324,8.015881749072053
22,Ant1-f1 source-like,direct_rf_sparse_anchor,5.045408583952112,5.04602884178887,3.662933620452881,8.461163312911987,0.8669072899783218,5.2468855967556625,5.51780667006817,4.97385881259792,6.094586061765053
22,Ant1-f1 source-like,idw,4.254425988488364,4.275884706451949,3.120638788700104,6.957015922546387,7.811155632818185,4.0071536612182825,4.006938131306445,4.213997843846718,4.936695106309512
22,Ant1-f1 source-like,log_distance,7.467602007364036,7.468595355353894,6.004722551345825,12.127782093048095,9.567662071633036,7.257729613952657,7.239721669973977,7.4606578775726815,7.633858780225514
22,Ant1-f1 source-like,multi_wall,5.959750731512235,5.9617777733938055,4.562365286827087,9.370019901275635,5.700457751464003,5.998067545439412,6.162650980669531,5.85651508220985,7.3444561619607125
22,Ant1-f1 source-like,multi_wall_residual_idw,3.6766044595682583,3.695148852600645,2.455594575405121,5.56601501083374,3.0469329919035446,3.74656151580267,3.8911516322180306,3.53572415595485,5.3930779763103915
22,Ant1-f1 source-like,wallpath_calibrated,3.017916637464146,3.031452429494948,2.0638705978393554,4.989912959098816,0.8583484013902993,3.1342934880986,3.274339794005548,2.927059880138462,4.278676986066946
22,Ant1-f1 source-like,wallpath_extra,2.9595418420083646,2.973784427254929,1.9153066427707672,4.78986074924469,1.326853108776511,3.062811935931662,3.1941275861484177,2.849879545457866,4.408171371531057
22,Ant1-f1 source-like,wallpath_rf,2.979596753258156,2.9937966441239547,1.9137778468132018,4.803972579956055,1.5281937891216486,3.0784764439812826,3.2109086459219522,2.865429843407735,4.459421495378983
22,Ant1-f2-f3 frequency shift,direct_extra_all_features,6.8803095662798714,6.898716259642347,5.122521360635758,11.570001506328582,3.165613779445615,7.05155043477204,7.349212291095761,6.78527843432836,8.421301431061341
22,Ant1-f2-f3 frequency shift,direct_rf_all_features,5.950849199576139,5.973357657401643,4.200634632110596,10.023952252388,2.993269240176464,6.119958539188043,6.357816443102633,5.81342781549313,8.005678226151822
22,Ant1-f2-f3 frequency shift,direct_rf_geometry,18.15585384483795,18.155498207660163,15.146492676734924,29.510543869018555,6.0978249011154615,18.681193951652794,19.54294956206111,18.14904222362015,18.110175989380508
22,Ant1-f2-f3 frequency shift,direct_rf_sparse_anchor,10.526844971242474,10.527460658750558,8.073602731227874,17.597945343017578,3.6083987568225613,10.852347614965751,11.316829600401988,10.42086932775676,12.084193833363178
22,Ant1-f2-f3 frequency shift,idw,7.110314998798281,7.146177539615328,5.303913308143616,11.76079300403595,12.119167871554307,6.8102293614298235,6.854418597822852,7.020751259710604,8.603331544406068
22,Ant1-f2-f3 frequency shift,log_distance,12.567032082911505,12.567978833801131,10.222020628929139,20.34115161705017,15.579459005794254,12.262158991343695,12.257039242975376,12.542173375990586,13.005976063605438
22,Ant1-f2-f3 frequency shift,multi_wall,11.035184354555541,11.0374134479,8.760879101753234,17.65600043296814,10.986187669373873,11.073379499988906,11.32537101495383,10.910788725496252,12.736213000672908
22,Ant1-f2-f3 frequency shift,multi_wall_residual_idw,6.58246514177754,6.615666108942074,4.65411531829834,10.471452790260315,6.027322303413019,6.673512258188683,6.886226685016949,6.382319228091893,9.136413677652191
22,Ant1-f2-f3 frequency shift,wallpath_calibrated,6.249784533906833,6.2746610867934045,4.540528103351593,10.34462017440796,2.8668439758323214,6.431804625245943,6.680693923435511,6.126580990307156,8.119333703807476
22,Ant1-f2-f3 frequency shift,wallpath_extra,5.7397403326675835,5.763610060060909,3.921392545223236,9.574207785606385,3.5808425789514366,5.891703319408766,6.109942189236937,5.568814904521718,8.140562574168486
22,Ant1-f2-f3 frequency shift,wallpath_rf,6.342211759747666,6.364087446011098,4.219913695335388,10.386393568515778,3.835505612465868,6.508970033834898,6.771436453057408,6.1616894006388945,8.832405537267418
22,Ant2-Ant5 additional antennas,direct_extra_all_features,8.163135716794283,8.17595955603804,6.602787897934516,13.149863961835702,9.291115390279415,7.953559622776405,8.116773959423389,8.14823683090972,8.431116145602134
22,Ant2-Ant5 additional antennas,direct_rf_all_features,6.043090153243225,6.0619033616459275,4.472990180353324,10.057647614628076,5.478142654842965,6.097183525165712,6.263899896627349,5.962154622479644,7.340552430573762
22,Ant2-Ant5 additional antennas,direct_rf_geometry,23.95393256533906,23.95377724057812,21.688536751071613,34.97857051084439,17.831988604221184,24.233340039940135,24.651351672079663,24.023538352499727,22.44965085926952
22,Ant2-Ant5 additional antennas,direct_rf_sparse_anchor,12.860117958401107,12.86066477870007,10.587861038049063,20.610196659962337,13.319467062814198,12.751519493846345,12.522827570044221,12.885371302296667,12.24224604268414
22,Ant2-Ant5 additional antennas,idw,6.313962590614616,6.34580839974373,4.682769993866484,10.339993315438429,11.17389656523036,5.985552564067965,5.966744229734183,6.247080168238029,7.4412277377819915
22,Ant2-Ant5 additional antennas,log_distance,11.598525188225416,11.599393632155316,9.451327181657156,18.747772872149945,14.421840446389947,11.305123234577907,11.182754410609654,11.58244806048127,11.889834962446601
22,Ant2-Ant5 additional antennas,multi_wall,10.277757741033385,10.27981173676136,8.211758968333402,16.462969011962414,11.137017485375948,10.233610996725117,10.30527369035431,10.183401887616753,11.613651816466795
22,Ant2-Ant5 additional antennas,multi_wall_residual_idw,5.889945018109816,5.919652512092969,4.193440854574243,9.35332439189156,6.068386500160656,5.927211473784668,6.055981001751419,5.72752195928191,8.020517874999424
22,Ant2-Ant5 additional antennas,wallpath_calibrated,6.524349187580113,6.5460155033337735,5.048703191901247,10.616120613515378,6.220589190826904,6.506381866852776,6.608471749201599,6.466185615199134,7.435681933187669
22,Ant2-Ant5 additional antennas,wallpath_extra,5.417087671010529,5.4375536402262,3.825914005773763,8.951085518548886,4.5360354760022785,5.506786263705765,5.687925088969029,5.292609469635625,7.2382334581204075
22,Ant2-Ant5 additional antennas,wallpath_rf,6.446021671164744,6.463939125748176,4.372118094253043,10.368402397036553,4.612623732471513,6.575356736193336,6.832881864754133,6.316223010209189,8.32154027665052
33,Ant1-f1 source-like,direct_extra_all_features,2.892801883288884,2.904922873214053,1.9165922191143037,4.8101723279953,0.7525134583630287,3.0042495143953034,3.1365036967526096,2.803349403352015,4.161372172329591
33,Ant1-f1 source-like,direct_rf_all_features,2.8984338944178623,2.911188937387698,1.9011477992534638,4.790534789085388,0.7903579419356654,3.008663166855339,3.140792240245853,2.8036639661415976,4.20997174327945
33,Ant1-f1 source-like,direct_rf_geometry,6.173671116460058,6.1733645326640145,4.367263305664062,10.458103424072265,0.9056146965851535,6.415806307069282,6.77598904147933,6.065938054012383,7.928638487572732
33,Ant1-f1 source-like,direct_rf_sparse_anchor,5.038473888306167,5.038926324047261,3.6478660259246825,8.489729997634887,0.8191641402399746,5.242679928638935,5.5130788842479355,4.966138475992049,6.107270466719528
33,Ant1-f1 source-like,idw,4.250288779538097,4.271726542963992,3.122777454376221,6.932884170532226,7.837631511496981,4.01148848505137,4.00778034427169,4.211724006379139,4.906511763614748
33,Ant1-f1 source-like,log_distance,7.469547790558245,7.470229854528339,6.009385330200195,12.123317403793335,9.550047395973266,7.269527495793669,7.255978194894697,7.461526062975754,7.649214866087835
33,Ant1-f1 source-like,multi_wall,5.958142159407403,5.960202169601722,4.556101053237915,9.361474224090577,5.617437780741192,6.005294462005032,6.174448177483489,5.860259791725331,7.334434101959594
33,Ant1-f1 source-like,multi_wall_residual_idw,3.7050882213470544,3.723776226686874,2.46332839345932,5.6046893568038945,2.981034468004786,3.7812141981907086,3.9283767762381925,3.567438479088807,5.430534727530504
33,Ant1-f1 source-like,wallpath_calibrated,3.032834712931358,3.046219065209742,2.0692622275352477,5.015758089065551,0.8230115971614526,3.1500163537541215,3.291232245168338,2.940732212191947,4.305936725682308
33,Ant1-f1 source-like,wallpath_extra,2.974788374602747,2.989034020340809,1.9267822513580322,4.816665422439575,1.321769005162341,3.076552237497718,3.2076847912161903,2.863928403273406,4.437510893349786
33,Ant1-f1 source-like,wallpath_rf,3.011623679469099,3.025961454430518,1.9263112316131592,4.837411045074463,1.507542172441165,3.1106897074976154,3.245113102797644,2.8965524985278606,4.511735507809594
33,Ant1-f2-f3 frequency shift,direct_extra_all_features,6.865102295720139,6.883054596311632,5.114696827173233,11.503196008205414,3.2064118865180635,7.032687143210795,7.326428546558305,6.766191288254941,8.457808161255254
33,Ant1-f2-f3 frequency shift,direct_rf_all_features,5.937195831519094,5.95910669989546,4.181957413434982,10.023052464962005,3.088899645331191,6.1046447598860345,6.34185462981744,5.796235338249601,8.019915190151833
33,Ant1-f2-f3 frequency shift,direct_rf_geometry,18.355232386634185,18.354673775996794,15.380323945045472,29.70764061164856,6.39151854151375,18.876943189100974,19.739041287111053,18.349228636196223,18.2984594538242
33,Ant1-f2-f3 frequency shift,direct_rf_sparse_anchor,10.395283730844353,10.39612720166309,8.031639122962952,17.30227060031891,3.9253037686350587,10.707906159489792,11.148595348646108,10.285870231800432,11.978266816713454
33,Ant1-f2-f3 frequency shift,idw,7.123147908141891,7.159075188649042,5.313598993778228,11.76923143672943,12.251617363045234,6.817553453990806,6.851469000477503,7.032181403269583,8.636976851361318
33,Ant1-f2-f3 frequency shift,log_distance,12.559856770642163,12.560875057943646,10.222191343307495,20.309935974121093,15.488404667418639,12.257771738549474,12.258985967380568,12.53487502875426,13.002691496202178
33,Ant1-f2-f3 frequency shift,multi_wall,11.032222788748474,11.03457118516373,8.755309679031372,17.63670536994934,10.989547249497226,11.070320741006027,11.325286802621234,10.90434167292501,12.794447688769893
33,Ant1-f2-f3 frequency shift,multi_wall_residual_idw,6.601116490736179,6.63441139299735,4.659372923851013,10.472699840545655,6.163658476589438,6.688980088348776,6.902900648333546,6.394055405772267,9.238886496182506
33,Ant1-f2-f3 frequency shift,wallpath_calibrated,6.1221540760604185,6.146867396534638,4.430579308271408,10.108086717605591,2.9923730571092584,6.296747236537131,6.539192775005547,5.987212773223068,8.103492874788776
33,Ant1-f2-f3 frequency shift,wallpath_extra,5.749544429953102,5.7739488111772515,3.92619704246521,9.56795064973831,3.692133603236265,5.900564443798103,6.119439916282181,5.574978319829255,8.185719787362249
33,Ant1-f2-f3 frequency shift,wallpath_rf,6.416321703074,6.437949420162967,4.27072853922844,10.645794064044953,3.8947571621995944,6.586434633098975,6.85643615354411,6.236141188531484,8.916036039776992
33,Ant2-Ant5 additional antennas,direct_extra_all_features,8.194186756856654,8.206616424161558,6.610141621356209,13.180343709737063,9.816495907100975,7.928269741839221,8.082976679890226,8.178923524975778,8.469572623283522
33,Ant2-Ant5 additional antennas,direct_rf_all_features,6.009051288902859,6.026939725619076,4.43464188657701,10.064612422138453,5.330936570442613,6.071421631977876,6.237191804567021,5.926786533236728,7.312387253215359
33,Ant2-Ant5 additional antennas,direct_rf_geometry,24.08781550996896,24.087680995818697,21.85131144732237,35.07275212268035,18.02491192718464,24.36127397578883,24.77193267410864,24.156710692588447,22.603340652776232
33,Ant2-Ant5 additional antennas,direct_rf_sparse_anchor,12.818615566443953,12.819522646567199,10.581681478967269,20.497083693941434,13.431038841531857,12.701445467536374,12.486015292631222,12.840481638990715,12.241018736418162
33,Ant2-Ant5 additional antennas,idw,6.3175477163556435,6.349411588027673,4.682946686496337,10.34537910670042,11.161816064187473,5.992374239870941,5.977672431646736,6.250200951214575,7.451464537667669
33,Ant2-Ant5 additional antennas,log_distance,11.599957346455426,11.600707296864783,9.453061531831821,18.75044881681601,14.412367838182073,11.307021136138761,11.185003965800622,11.583427251061153,11.897412144000214
33,Ant2-Ant5 additional antennas,multi_wall,10.278663816801494,10.280655487286339,8.213488351305326,16.470058137675128,11.150110785783694,10.233113474902005,10.304882822511026,10.185477239163527,11.603609580872725
33,Ant2-Ant5 additional antennas,multi_wall_residual_idw,5.8920373863136035,5.921755460155395,4.19455416329205,9.355090895245473,6.0754005745611055,5.929349081920897,6.06089060738421,5.731275219925459,8.011763421970835
33,Ant2-Ant5 additional antennas,wallpath_calibrated,6.3592015757435885,6.3809307831927295,4.896434297685822,10.36681436871489,6.192058705607532,6.329252431973546,6.41715054310002,6.296201499762041,7.308064918560916
33,Ant2-Ant5 additional antennas,wallpath_extra,5.40189289242818,5.422943421653888,3.8194871641819677,8.953896534939608,4.457832399913309,5.4953010622269485,5.678751564319271,5.277620463109526,7.2247256164335525
33,Ant2-Ant5 additional antennas,wallpath_rf,6.565496610268182,6.58240478008193,4.459154476225376,11.006284630944332,4.541497894072163,6.702347269297725,6.970464234061678,6.439997086867996,8.39772660857494
