method,sparse_rate,sparse_seed,anchor_count,anchor_count_std,valid_count,valid_count_std,mw_anchor_count,mw_anchor_count_std,mw_design_rank,mw_design_rank_std,rmse,rmse_std,mae,mae_std,median_ae,median_ae_std,p90_ae,p90_ae_std,p95_ae,p95_ae_std,bias_db,bias_db_std,std_error_db,std_error_db_std,count,count_std,los_rmse,los_rmse_std,nlos_rmse,nlos_rmse_std,high_wall_rmse,high_wall_rmse_std,unclipped_rmse,unclipped_rmse_std,unclipped_count,unclipped_count_std,clipped_pixel_fraction,clipped_pixel_fraction_std,non_anchor_rmse,non_anchor_rmse_std,non_anchor_mae,non_anchor_mae_std,non_anchor_p90_ae,non_anchor_p90_ae_std,non_anchor_count,non_anchor_count_std,non_anchor_los_rmse,non_anchor_los_rmse_std,non_anchor_nlos_rmse,non_anchor_nlos_rmse_std,free_space_rmse,free_space_rmse_std,free_space_mae,free_space_mae_std,free_space_p90_ae,free_space_p90_ae_std,free_space_count,free_space_count_std,wall_region_rmse,wall_region_rmse_std,rmse_delta_vs_multi_wall,rmse_delta_vs_multi_wall_std,rmse_delta_vs_direct_rf,rmse_delta_vs_direct_rf_std,num_rows,train_source,target_dataset,retrained,source_seed,source_run
wallpath_extra,0.01,11,692.0,621.9023101027053,69171.2,62205.51581671863,692.0,621.9023101027053,3.2,0.5419639901526325,4.817997633338019,2.2544602745596745,3.248854552666346,1.7324620202062015,2.0195134811401365,1.415900034885557,7.970702411651612,3.777470529525507,10.411104658444724,4.568616599813728,-0.3661973365409067,0.9956891800550528,4.752652881940206,2.141059129264879,69171.2,62205.51581671863,2.746318082868365,2.457028226307657,4.957632128849324,2.2803118489758893,5.1498864069373065,2.3285075016165067,4.714715395330192,2.0750406233775944,68413.60266666667,61377.76316659457,0.0120102764942948,0.0408219035450864,4.838799326164887,2.261569965002715,3.27222065615654,1.7410578929710547,8.004547259966532,3.785800511852436,68479.2,61583.613542098494,2.757319247986397,2.4634498737208568,4.979042498598774,2.2875308441242623,4.665151568263224,2.2161056962727868,3.1373083700339,1.6977793398496912,7.728619649887085,3.72922390019597,66369.0,60939.29804372065,6.932061491520331,2.7786425340192964,-4.512723056912726,2.126024168045153,-0.1080874906773297,0.5015538578184693,750,wallpath_pi_task1_final_seed11_r001,wallpath_pi_task1_to_task2_unseen_buildings_transfer,False,11,results\transfer_task1_to_task2_final_seed11_r001
direct_rf_all_features,0.01,11,692.0,621.9023101027053,69171.2,62205.51581671863,692.0,621.9023101027053,3.2,0.5419639901526325,4.926085124015347,2.498889753318484,3.427080560445785,1.9362378551052584,2.2351288871765136,1.5750108955640412,8.262123429616292,4.326219958385013,10.560767857551577,4.879460901747346,-0.787773804445751,1.3428467621468994,4.789291691303253,2.269711271614224,69171.2,62205.51581671863,2.227783054558224,1.6992093065153109,5.078382137296553,2.541722693478782,5.282992252102448,2.615771306225406,4.728331785015707,2.119945710466879,68413.60266666667,61377.76316659457,0.0120102764942948,0.0408219035450864,4.94517352937508,2.5044395047113284,3.4473950005372367,1.942955105680226,8.292101406097412,4.3300946307993815,68479.2,61583.613542098494,2.234314358637979,1.7063247704676117,5.0981312061665065,2.547318838624228,4.799014881231133,2.47425172707786,3.326099750995636,1.908969593267518,8.049672739028932,4.319527637211818,66369.0,60939.29804372065,6.766674205096611,2.798330591203043,-4.404635566235397,2.0914435697232583,0.0,0.0,750,wallpath_pi_task1_final_seed11_r001,wallpath_pi_task1_to_task2_unseen_buildings_transfer,False,11,results\transfer_task1_to_task2_final_seed11_r001
wallpath_calibrated,0.01,11,692.0,621.9023101027053,69171.2,62205.51581671863,692.0,621.9023101027053,3.2,0.5419639901526325,5.137054405537167,2.4413240291242,3.671051005681356,1.8610628072731752,2.5500968373616537,1.4944994532812363,8.491000728607178,4.08821335749625,10.886125398953755,5.033293087791578,-1.2697960137901827,1.3609644935451248,4.909419512271881,2.187306964220271,69171.2,62205.51581671863,2.170548077638629,1.5876223866376216,5.294988350102808,2.4862396356667125,5.506081611173896,2.546605831466485,5.046435911292192,2.297018137570219,68413.60266666667,61377.76316659457,0.0120102764942948,0.0408219035450864,5.158298910123914,2.4490700422133256,3.69469530916214,1.8692832694222052,8.523219278971354,4.0986207870587394,68479.2,61583.613542098494,2.179375878229601,1.5938730988381724,5.316940776601644,2.494212999280519,5.017328602857021,2.4092327278766907,3.577063363234202,1.8315735627454337,8.293700433095296,4.047665856178655,66369.0,60939.29804372065,6.878314205039805,2.8047375611370007,-4.193666284713577,1.9266104226436276,0.2109692815218208,0.7832741777388624,750,wallpath_pi_task1_final_seed11_r001,wallpath_pi_task1_to_task2_unseen_buildings_transfer,False,11,results\transfer_task1_to_task2_final_seed11_r001
wallpath_rf,0.01,11,692.0,621.9023101027053,69171.2,62205.51581671863,692.0,621.9023101027053,3.2,0.5419639901526325,5.2180606935023,2.9910741781099683,3.440398535410563,2.124774910197466,2.0560778795878094,1.5129006931779678,8.545276049296062,5.000474418697911,11.336557857195537,6.463836847273094,-0.5024439686009428,1.478456209663069,5.115756238142649,2.750958728412272,69171.2,62205.51581671863,2.927081737831227,2.606125574591656,5.368814243970296,3.0387957769420635,5.591490223555297,3.1384677639810943,5.035969162810821,2.530220786237041,68413.60266666667,61377.76316659457,0.0120102764942948,0.0408219035450864,5.237136277772055,2.993471077084788,3.462640906095505,2.1313937265343843,8.579058877944947,5.006318485867021,68479.2,61583.613542098494,2.9391250277597045,2.613053995655904,5.388406786185479,3.040985069259011,5.058274935216082,2.9614319373331988,3.324926458199819,2.0915723305561245,8.293811016718546,4.961567651504415,66369.0,60939.29804372065,7.403396225420234,3.49907690577048,-4.1126599967484445,2.3740910582681103,0.2919755694869527,0.7166780540204796,750,wallpath_pi_task1_final_seed11_r001,wallpath_pi_task1_to_task2_unseen_buildings_transfer,False,11,results\transfer_task1_to_task2_final_seed11_r001
direct_extra_all_features,0.01,11,692.0,621.9023101027053,69171.2,62205.51581671863,692.0,621.9023101027053,3.2,0.5419639901526325,5.470230101549173,3.643942566582668,3.974104702234268,2.958256799820027,2.806516211191813,2.578116354564556,9.168002900441488,6.250314525693967,11.55098010190328,6.95942893464684,-1.964150647010673,2.9910479418103173,4.892656908035279,2.542314588682053,69171.2,62205.51581671863,2.3897579203217005,1.47575782259228,5.619691049086255,3.719303718137426,5.860207585520749,3.866816767082901,5.190970067959766,2.989468287457936,68413.60266666667,61377.76316659457,0.0120102764942948,0.0408219035450864,5.487023638824001,3.646241547390247,3.9901948379675543,2.959409182049736,9.196267605781555,6.251987291069179,68479.2,61583.613542098494,2.389534970907736,1.4758724442382274,5.637424334382793,3.7216141620989593,5.3721328170773575,3.648756551604069,3.895676128784816,2.9580889233041514,8.99479090086619,6.272268541271928,66369.0,60939.29804372065,6.974153760302776,3.5617174166928662,-3.86049058870157,2.578771086402189,0.5441449775338263,1.32901282949481,750,wallpath_pi_task1_final_seed11_r001,wallpath_pi_task1_to_task2_unseen_buildings_transfer,False,11,results\transfer_task1_to_task2_final_seed11_r001
multi_wall_residual_idw,0.01,11,692.0,621.9023101027053,69171.2,62205.51581671863,692.0,621.9023101027053,3.2,0.5419639901526325,5.6321986127742285,2.2548538182134314,3.932383859793345,1.632740914123119,2.779891134897868,1.2434816637981068,8.881396409988403,3.653617963819178,11.419688009897868,4.627535352732799,0.0144492171356881,0.4189267699161866,5.620190715789795,2.246160480064729,69171.2,62205.51581671863,4.866164516218314,3.242577387176325,5.728374702513085,2.3009185968924597,5.919792044785953,2.35852385586465,5.619494022024192,2.2455541405869166,68413.60266666667,61377.76316659457,0.0120102764942948,0.0408219035450864,5.660606659808548,2.266239817590256,3.972152368545532,1.6492696798219564,8.91902172311147,3.668406773688575,68479.2,61583.613542098494,4.890324162525388,3.2555284638259026,5.757232723892466,2.3125011730490224,5.453094268136232,2.176640731898679,3.829227017402649,1.5916956599932832,8.679194760640462,3.57466533846516,66369.0,60939.29804372065,7.926984737393953,3.4954703705282597,-3.698522077476516,1.841472114086508,0.7061134887588815,1.0712711440081168,750,wallpath_pi_task1_final_seed11_r001,wallpath_pi_task1_to_task2_unseen_buildings_transfer,False,11,results\transfer_task1_to_task2_final_seed11_r001
idw,0.01,11,692.0,621.9023101027053,69171.2,62205.51581671863,692.0,621.9023101027053,3.2,0.5419639901526325,6.160260664342784,2.2343379954979774,4.583556419213613,1.709765193461401,3.482923639933268,1.393130677095182,10.147913064956663,3.7355583027922816,12.662033684412638,4.603199196850935,-0.1982831666033404,0.55624052318938,6.13727876440684,2.2199063911982053,69171.2,62205.51581671863,10.559292682559269,5.779181623592224,5.89147093873262,2.1888476267022083,5.919162890618873,2.169616544273824,6.121222596718329,2.1921335264785284,68413.60266666667,61377.76316659457,0.0120102764942948,0.0408219035450864,6.191331632075537,2.2456214221064403,4.629909718036652,1.7270757028579455,10.18470255724589,3.748318722474109,68479.2,61583.613542098494,10.61066243358014,5.794013930640965,5.921156316832867,2.1998912631344703,6.085616049637584,2.2087174714771107,4.523849818229675,1.6867338312265756,10.02378529548645,3.686917821215409,66369.0,60939.29804372065,7.40043462812856,2.536475204529148,-3.170460025907961,1.9932296607853728,1.234175540327436,1.002292541987103,750,wallpath_pi_task1_final_seed11_r001,wallpath_pi_task1_to_task2_unseen_buildings_transfer,False,11,results\transfer_task1_to_task2_final_seed11_r001
direct_rf_sparse_anchor,0.01,11,692.0,621.9023101027053,69171.2,62205.51581671863,692.0,621.9023101027053,3.2,0.5419639901526325,8.521551383844164,3.7660347131340512,6.531141783714294,3.102183481456669,5.093535186767578,2.837658942621908,14.258218500773111,6.2425228271451925,17.264883820851644,7.237541540880812,-0.9761162162893452,2.100509021175054,8.232081793785095,3.698046349608601,69171.2,62205.51581671863,2.7159717430259827,2.025356128776443,8.8027053408366,3.831766312916608,9.182754089017552,3.9075537753616816,8.368434508192665,3.5491625558825666,68413.60266666667,61377.76316659457,0.0120102764942948,0.0408219035450864,8.52222266501318,3.7664334269440354,6.531772729237875,3.102557573987952,14.258995382944743,6.2429695815045925,68479.2,61583.613542098494,2.7163417382685338,2.026384158991386,8.803349340707772,3.832182189877583,8.42770120247077,3.74962844699778,6.44707696501414,3.0893565029182746,14.118683468500771,6.225851439081471,66369.0,60939.29804372065,9.880804516205853,4.01939571087563,-0.809169306406579,1.3691558385344924,3.5954662598288185,1.8375115108377016,750,wallpath_pi_task1_final_seed11_r001,wallpath_pi_task1_to_task2_unseen_buildings_transfer,False,11,results\transfer_task1_to_task2_final_seed11_r001
multi_wall,0.01,11,692.0,621.9023101027053,69171.2,62205.51581671863,692.0,621.9023101027053,3.2,0.5419639901526325,9.330720690250743,3.5580737585373807,7.346999402364095,2.954894631418709,6.186600550333659,2.740525233836561,14.892554267247515,5.718224633201282,17.925280466715495,6.63883898524847,0.0238622341408239,0.5560471937660565,9.317398887316386,3.549927099288205,69171.2,62205.51581671863,9.100271816113263,4.80226563242147,9.379668020013272,3.5632293269955277,9.60634660507274,3.611648264508752,9.274016490912135,3.4809511645161977,68413.60266666667,61377.76316659457,0.0120102764942948,0.0408219035450864,9.333178122796376,3.559329318511331,7.348446721394857,2.95563410951488,14.895021139144898,5.719329536967098,68479.2,61583.613542098494,9.101696288886831,4.805286622450613,9.38212783733568,3.564568341248648,9.215158413322392,3.532700140484621,7.28422549533844,2.945070191648639,14.770619203567504,5.694775528229719,66369.0,60939.29804372065,10.93496644298498,4.333295576033719,0.0,0.0,4.404635566235397,2.0914435697232583,750,wallpath_pi_task1_final_seed11_r001,wallpath_pi_task1_to_task2_unseen_buildings_transfer,False,11,results\transfer_task1_to_task2_final_seed11_r001
log_distance,0.01,11,692.0,621.9023101027053,69171.2,62205.51581671863,692.0,621.9023101027053,3.2,0.5419639901526325,10.865847132504744,3.90017914233072,8.824106554985047,3.294825049509559,7.738349918365478,3.147621257952036,17.602157517115273,6.277705391327928,20.552375929514568,7.224622448134196,-0.0362284792240825,0.6545217124570906,10.849682853062948,3.8906994021637296,69171.2,62205.51581671863,13.409749038962625,5.883932339239284,10.603992305395009,3.8427384382358976,10.59987615938846,3.826260078180462,10.793873015846248,3.7929588674911496,68413.60266666667,61377.76316659457,0.0120102764942948,0.0408219035450864,10.866677720693389,3.9005305367640126,8.82473123105367,3.295208773989903,17.603721504211425,6.2786542212449,68479.2,61583.613542098494,13.41073213347319,5.886581606805348,10.604750544457836,3.843289553015983,10.846190151120789,3.8943159839133297,8.809975435256957,3.291505680762442,17.56725360171,6.266700121264848,66369.0,60939.29804372065,11.2268865174099,3.9952321313486023,1.5351264422539983,1.589997699494056,5.939762008489396,2.283561673407813,750,wallpath_pi_task1_final_seed11_r001,wallpath_pi_task1_to_task2_unseen_buildings_transfer,False,11,results\transfer_task1_to_task2_final_seed11_r001
direct_rf_geometry,0.01,11,692.0,621.9023101027053,69171.2,62205.51581671863,692.0,621.9023101027053,3.2,0.5419639901526325,14.357319903993568,9.688616874053224,11.73963957198461,8.708574968160068,9.88605545171102,8.642883542432653,23.476216104507447,15.150888271481062,27.198864033381145,16.084510696435245,-9.29079179018115,10.26609200548757,9.46258713277181,4.3352011487098565,69171.2,62205.51581671863,4.592429497569707,3.306959255485744,14.788910145706868,9.87609137151897,15.501454921118889,10.31172674406129,13.931960416612696,8.890634298761205,68413.60266666667,61377.76316659457,0.0120102764942948,0.0408219035450864,14.35762194366944,9.68887760562287,11.739879934628805,8.708728987334954,23.47687441635132,15.15168956073192,68479.2,61583.613542098494,4.592717496925503,3.3075516898793924,14.789152713910928,9.876364223664249,14.317714504000698,9.734557589948164,11.722605891068776,8.767322842076226,23.400607124964395,15.205126979297829,66369.0,60939.29804372065,14.89133017869531,8.995438607001606,5.026599213742825,7.199391025256369,9.431234779978222,7.53225230951191,750,wallpath_pi_task1_final_seed11_r001,wallpath_pi_task1_to_task2_unseen_buildings_transfer,False,11,results\transfer_task1_to_task2_final_seed11_r001
wallpath_extra,0.01,22,692.0,621.9023101027053,69171.2,62205.51581671863,692.0,621.9023101027053,3.2,0.5419639901526325,4.813007502447845,2.268385652603829,3.2526972444057463,1.7397404001606056,2.0307214736938475,1.4294340906492236,7.979425440152486,3.8039157506690495,10.4109896624883,4.626558662745114,-0.3779521094496594,0.9898928799808506,4.746639310042063,2.1584581251919484,69171.2,62205.51581671863,2.826342587528606,2.3962166687008013,4.948739524916399,2.293616641899757,5.138003988207431,2.339065629209472,4.699209571051951,2.0752484654405725,68413.60266666667,61377.76316659457,0.0120102764942948,0.0408219035450864,4.833668182458915,2.275102111097031,3.2760344729423525,1.7478823644469574,8.012072339057923,3.8112135898816906,68479.2,61583.613542098494,2.8374416984484045,2.4037578303031144,4.970013087434352,2.3004024749771723,4.662503118167101,2.226248776726754,3.143443731466929,1.7063875464255032,7.74215952428182,3.758049881267031,66369.0,60939.29804372065,6.896432173289343,2.8625481881062997,-4.530365644426596,2.1218778196677563,-0.1174686036860816,0.5045347491313535,750,wallpath_pi_task1_final_seed22_r001,wallpath_pi_task1_to_task2_unseen_buildings_transfer,False,22,results\transfer_task1_to_task2_final_seed22_r001
direct_rf_all_features,0.01,22,692.0,621.9023101027053,69171.2,62205.51581671863,692.0,621.9023101027053,3.2,0.5419639901526325,4.930476106133925,2.512978615796112,3.4334240784645083,1.9379753938920137,2.2407994906107587,1.5709084724831948,8.275181327184042,4.370268424004923,10.599979884147643,4.992871479223159,-0.8484396375431291,1.36545074187199,4.782289834658305,2.274210155116456,69171.2,62205.51581671863,2.2572140723986145,1.7247351236960633,5.080010381826542,2.554590029200551,5.282621374914058,2.626310393959914,4.733415274942414,2.1334553133562197,68413.60266666667,61377.76316659457,0.0120102764942948,0.0408219035450864,4.949744050817642,2.5189434889090423,3.453652012268702,1.9450923761625485,8.306205947558086,4.375485567307045,68479.2,61583.613542098494,2.263332023840842,1.7326045658437728,5.0999810908447865,2.5605523166701123,4.80722851649052,2.4926860559709274,3.334768981297811,1.912675506405048,8.063864935874939,4.359348423004914,66369.0,60939.29804372065,6.736603667338208,2.76179328601591,-4.412897040740515,2.119031787832395,0.0,0.0,750,wallpath_pi_task1_final_seed22_r001,wallpath_pi_task1_to_task2_unseen_buildings_transfer,False,22,results\transfer_task1_to_task2_final_seed22_r001
wallpath_calibrated,0.01,22,692.0,621.9023101027053,69171.2,62205.51581671863,692.0,621.9023101027053,3.2,0.5419639901526325,5.172495235092605,2.503376034600006,3.7149756015141806,1.9362122873455048,2.599998675028483,1.6061353632633004,8.55971776930491,4.164279215315345,10.927132851918538,5.093585463650897,-1.3549458720941718,1.4899170160042678,4.9126722599665325,2.1985440756758443,69171.2,62205.51581671863,2.19452056272796,1.616611721023304,5.332634246196828,2.5480793878919625,5.545242546958858,2.610245226947772,5.074973049636396,2.357030526112015,68413.60266666667,61377.76316659457,0.0120102764942948,0.0408219035450864,5.193591534360586,2.510802676972148,3.73813076210022,1.9435880082087555,8.592322112401327,4.17546661130632,68479.2,61583.613542098494,2.2036443896225912,1.6234753285874195,5.354437484973133,2.555673959002334,5.060073953584258,2.479794385208773,3.626072653770447,1.914474973111501,8.373470993359884,4.135979436667702,66369.0,60939.29804372065,6.839114797893966,2.773720864372648,-4.170877911781837,1.919009970632199,0.2420191289586785,0.7683223893134092,750,wallpath_pi_task1_final_seed22_r001,wallpath_pi_task1_to_task2_unseen_buildings_transfer,False,22,results\transfer_task1_to_task2_final_seed22_r001
wallpath_rf,0.01,22,692.0,621.9023101027053,69171.2,62205.51581671863,692.0,621.9023101027053,3.2,0.5419639901526325,5.221340090917829,3.082801406882183,3.451201745827993,2.158376877473139,2.0799546712239585,1.574752186068361,8.525586572329203,4.838736011333389,11.329992650667826,6.640105001891054,-0.5347692868289693,1.530750179171844,5.113661345799764,2.8266112070998166,69171.2,62205.51581671863,3.063156507042628,2.549780591234627,5.36547217055036,3.1288458614438888,5.584593850678922,3.232786694818402,4.970612619893659,2.447888795929627,68413.60266666667,61377.76316659457,0.0120102764942948,0.0408219035450864,5.240657178715384,3.085793070674076,3.4732058680852256,2.164163205797801,8.557116783777873,4.841276230372073,68479.2,61583.613542098494,3.0756162398955063,2.5584885056786515,5.385304258219821,3.131677313298276,5.062936214895176,3.0439438393091183,3.338733470280965,2.1269109293365225,8.284443196932475,4.806862073708874,66369.0,60939.29804372065,7.374744189971273,3.741091189845264,-4.122033055956611,2.4319670531708515,0.2908639847839041,0.8454256823297512,750,wallpath_pi_task1_final_seed22_r001,wallpath_pi_task1_to_task2_unseen_buildings_transfer,False,22,results\transfer_task1_to_task2_final_seed22_r001
direct_extra_all_features,0.01,22,692.0,621.9023101027053,69171.2,62205.51581671863,692.0,621.9023101027053,3.2,0.5419639901526325,5.546630933985563,3.736519382482985,4.052013782898585,3.0569702009672235,2.8861094614664715,2.71207243861132,9.3070247631073,6.420160408752707,11.678852100054424,7.102886578356908,-2.1318684721368286,3.1413213363693084,4.8908030780156455,2.529461581012055,69171.2,62205.51581671863,2.3584679058466884,1.4700397874923252,5.697717737419006,3.8134273888715744,5.940165277357405,3.965990996128335,5.264172027118518,3.102021488204039,68413.60266666667,61377.76316659457,0.0120102764942948,0.0408219035450864,5.562968021391534,3.738348913617765,4.067408723672231,3.0575695410549497,9.33471423403422,6.421665597981198,68479.2,61583.613542098494,2.3581383928272484,1.470393842284945,5.7149948223908575,3.8151974989885606,5.45352871713982,3.745935065071276,3.978774421930313,3.0633380520326483,9.141125548998517,6.443704948190034,66369.0,60939.29804372065,6.994057454793729,3.592578023042932,-3.796742212888878,2.5654358545232125,0.6161548278516361,1.4063402413186727,750,wallpath_pi_task1_final_seed22_r001,wallpath_pi_task1_to_task2_unseen_buildings_transfer,False,22,results\transfer_task1_to_task2_final_seed22_r001
multi_wall_residual_idw,0.01,22,692.0,621.9023101027053,69171.2,62205.51581671863,692.0,621.9023101027053,3.2,0.5419639901526325,5.613844914374446,2.2931121642973182,3.9212750706672663,1.6354675654633302,2.7804495023091635,1.2452428659462975,8.83630686378479,3.66071730000528,11.349979358355204,4.649635704989837,-0.0123665960442109,0.4323531523078873,5.600917261123657,2.2842373569508823,69171.2,62205.51581671863,5.02966737213418,3.252191800413028,5.69786201072668,2.3351055848951097,5.887868334083976,2.386855121978032,5.604538582793318,2.291222470686761,68413.60266666667,61377.76316659457,0.0120102764942948,0.0408219035450864,5.642160356828264,2.304691010970016,3.96093117761612,1.6520236905881664,8.87301689306895,3.6752123633875873,68479.2,61583.613542098494,5.053987879425913,3.264828545442023,5.726574348528666,2.346817409350117,5.433454204046211,2.189200427301736,3.821032029628754,1.5958750201717733,8.640503997802734,3.589679102865908,66369.0,60939.29804372065,7.8886351105382575,3.826216526806515,-3.7295282324999945,1.8376528328792916,0.6833688082405203,1.164925636547559,750,wallpath_pi_task1_final_seed22_r001,wallpath_pi_task1_to_task2_unseen_buildings_transfer,False,22,results\transfer_task1_to_task2_final_seed22_r001
idw,0.01,22,692.0,621.9023101027053,69171.2,62205.51581671863,692.0,621.9023101027053,3.2,0.5419639901526325,6.158351995361642,2.181740312844555,4.576155134995778,1.6795994168855004,3.478057139078776,1.3828414615213451,10.159533976872762,3.6919477573952655,12.669345463434857,4.520021171153806,-0.1951467193910745,0.5588884250748418,6.1350802227656045,2.1673588617734287,69171.2,62205.51581671863,10.67710470303223,5.403095201614177,5.875870794692644,2.150701937197579,5.905258442317382,2.140960198966869,6.116715080341979,2.1253999129237653,68413.60266666667,61377.76316659457,0.0120102764942948,0.0408219035450864,6.189413261894202,2.192758373452968,4.622433465480804,1.6966046500782352,10.196862606684366,3.704260198402855,68479.2,61583.613542098494,10.727981362097012,5.418272042599849,5.905487402130073,2.1615095760070724,6.085166787755975,2.157614548119115,4.51749120092392,1.6577003626787314,10.034738598505657,3.6435804463298913,66369.0,60939.29804372065,7.381119398373882,2.471520842910792,-3.185021151512798,2.0402478546897904,1.2278758892277164,1.0421379860142252,750,wallpath_pi_task1_final_seed22_r001,wallpath_pi_task1_to_task2_unseen_buildings_transfer,False,22,results\transfer_task1_to_task2_final_seed22_r001
direct_rf_sparse_anchor,0.01,22,692.0,621.9023101027053,69171.2,62205.51581671863,692.0,621.9023101027053,3.2,0.5419639901526325,8.699699508812353,3.977040854565685,6.603379694302877,3.1736752434894577,5.088607699076334,2.7972683088094032,14.55235133298238,6.680814956975926,17.848707869847615,8.096679866764788,-0.8238209470588093,2.252192646787937,8.40457431125641,3.8887408462709807,69171.2,62205.51581671863,2.690712443026599,2.1952821659606028,8.983860275562387,4.040259853750703,9.383821956957384,4.125436207400834,8.614332677302855,3.8809567300393226,68413.60266666667,61377.76316659457,0.0120102764942948,0.0408219035450864,8.700316719763327,3.977537880670282,6.603738821665446,3.173989392892107,14.553191009521484,6.681365000955696,68479.2,61583.613542098494,2.690833750224021,2.1976893908925743,8.984453095419827,4.0407089605063575,8.605199156037147,3.956590052091388,6.516998114267985,3.155596719668553,14.412494739532471,6.659529223006855,66369.0,60939.29804372065,10.08765790949714,4.261016965871419,-0.6436736380620874,1.5004486673238138,3.769223402678427,2.0533197074261254,750,wallpath_pi_task1_final_seed22_r001,wallpath_pi_task1_to_task2_unseen_buildings_transfer,False,22,results\transfer_task1_to_task2_final_seed22_r001
multi_wall,0.01,22,692.0,621.9023101027053,69171.2,62205.51581671863,692.0,621.9023101027053,3.2,0.5419639901526325,9.34337314687444,3.5869140085148987,7.361374496777852,2.9636953234595,6.216130889892578,2.757132476203761,14.894006922403973,5.720523948795062,17.92166494687398,6.748951475702025,0.001857004608338,0.5456716227744104,9.330249304453533,3.580043025257409,69171.2,62205.51581671863,9.216843477443424,4.798268280261853,9.381608848472409,3.5944244136402763,9.604464336859063,3.6407791638736966,9.28967582373966,3.5182151304921563,68413.60266666667,61377.76316659457,0.0120102764942948,0.0408219035450864,9.34553488973127,3.588420652809708,7.362527158419291,2.964515252653831,14.89587337811788,5.721716816762017,68479.2,61583.613542098494,9.218960599476157,4.802440510390471,9.383629340199716,3.5959628167147355,9.226030844400784,3.545309943345787,7.300824623743693,2.9521800751732306,14.777415042241415,5.695262168157438,66369.0,60939.29804372065,10.938960721102177,4.6120296272322,0.0,0.0,4.412897040740515,2.119031787832395,750,wallpath_pi_task1_final_seed22_r001,wallpath_pi_task1_to_task2_unseen_buildings_transfer,False,22,results\transfer_task1_to_task2_final_seed22_r001
log_distance,0.01,22,692.0,621.9023101027053,69171.2,62205.51581671863,692.0,621.9023101027053,3.2,0.5419639901526325,10.867222057729016,3.9031232973002328,8.816254603068034,3.2848549375645177,7.719534695943197,3.13325547880995,17.603361775716145,6.26788771428004,20.58333494949341,7.297673345838236,-0.0340314657094422,0.6622124367919081,10.850730671564738,3.89328919678973,69171.2,62205.51581671863,13.56707128381061,6.070002638162369,10.594015865546682,3.833910943832664,10.58460005197491,3.8138995727598535,10.799532459718076,3.809190398325481,68413.60266666667,61377.76316659457,0.0120102764942948,0.0408219035450864,10.868184340985383,3.903882830516143,8.816981141090393,3.285520676837326,17.60412473932902,6.26866683315984,68479.2,61583.613542098494,13.56973185969452,6.073686600711135,10.594620075608509,3.8345611850636137,10.848334876517953,3.898281545578645,8.802482429504394,3.2816946964149185,17.569558833440144,6.259990381656088,66369.0,60939.29804372065,11.215270302478796,3.991285146592904,1.523848910854575,1.6053889148304914,5.936745951595091,2.2764559152784543,750,wallpath_pi_task1_final_seed22_r001,wallpath_pi_task1_to_task2_unseen_buildings_transfer,False,22,results\transfer_task1_to_task2_final_seed22_r001
direct_rf_geometry,0.01,22,692.0,621.9023101027053,69171.2,62205.51581671863,692.0,621.9023101027053,3.2,0.5419639901526325,14.199111550302025,9.466525031160112,11.573197805086773,8.51651763039504,9.718824194590251,8.477339550650653,23.21659625371297,14.802465124729192,26.95292434310913,15.650867823266724,-9.040818783704502,10.09736795923826,9.46065163675944,4.251687533072712,69171.2,62205.51581671863,4.3511553661392925,3.080839540107673,14.631511207120234,9.649243168694246,15.3297599809579,10.06464571410574,13.782490673325125,8.676341551661961,68413.60266666667,61377.76316659457,0.0120102764942948,0.0408219035450864,14.198696775007193,9.466753196496713,11.572986018180847,8.516985593589228,23.21578341992696,14.802864705268073,68479.2,61583.613542098494,4.351742463407175,3.0815504644674547,14.630991555393464,9.649395118760214,14.159152279311542,9.515667546639202,11.5537888174057,8.576315536979312,23.142740755081174,14.863525033181546,66369.0,60939.29804372065,14.745411242611022,8.732649599425837,4.855738403427584,6.995125923918346,9.268635444168098,7.301525991901868,750,wallpath_pi_task1_final_seed22_r001,wallpath_pi_task1_to_task2_unseen_buildings_transfer,False,22,results\transfer_task1_to_task2_final_seed22_r001
wallpath_extra,0.01,33,692.0,621.9023101027053,69171.2,62205.51581671863,692.0,621.9023101027053,3.2,0.5419639901526325,4.824625744836316,2.264565643269086,3.259725445429484,1.7417640025356051,2.0349083989461265,1.4342465520100796,7.984188907305399,3.796499637822108,10.403245505015056,4.572596962204294,-0.3987691230897326,0.9936384256137246,4.757668638388316,2.150619551460033,69171.2,62205.51581671863,2.8986782244154576,2.559605644381697,4.959227041697975,2.2835937494579888,5.148854874593518,2.325694259022585,4.713792961840803,2.076106333266044,68413.60266666667,61377.76316659457,0.0120102764942948,0.0408219035450864,4.845643880898438,2.2718912976304977,3.283246400674184,1.7503459935518677,8.01781684398651,3.8050274695526616,68479.2,61583.613542098494,2.9105699709112343,2.568045432420188,4.980872768439171,2.2910187206075694,4.671295014310639,2.222636662936846,3.1493272205988565,1.7078943367562287,7.74746093082428,3.7514462138997455,66369.0,60939.29804372065,6.936316822691428,2.7897484240706323,-4.5162368341318,2.112952124747522,-0.0996494409823658,0.5015569395608125,750,wallpath_pi_task1_final_seed33_r001,wallpath_pi_task1_to_task2_unseen_buildings_transfer,False,33,results\transfer_task1_to_task2_final_seed33_r001
direct_rf_all_features,0.01,33,692.0,621.9023101027053,69171.2,62205.51581671863,692.0,621.9023101027053,3.2,0.5419639901526325,4.924275185818682,2.513980460540141,3.4216875420411426,1.9391558601513013,2.219452534993489,1.5651985753851605,8.278879906336467,4.395072001429469,10.590371951738993,4.96098586622196,-0.8092133640711545,1.3346349599068337,4.787385748386383,2.283717815079368,69171.2,62205.51581671863,2.319486248132689,1.906916016993164,5.072650895542469,2.5514036110617013,5.274833833293577,2.620630670034016,4.712669487603766,2.0997034604842746,68413.60266666667,61377.76316659457,0.0120102764942948,0.0408219035450864,4.943134112392873,2.519020767102972,3.4418462595144907,1.9457815576387651,8.308589735984802,4.398212622161215,68479.2,61583.613542098494,2.3262343335185904,1.914999161981594,5.092192163956202,2.556457695724754,4.798711547546933,2.490961955579474,3.321278658628464,1.9122062008092895,8.066653991381328,4.384985920542953,66369.0,60939.29804372065,6.749934041194372,2.780346819471653,-4.416587393149436,2.124433372611717,0.0,0.0,750,wallpath_pi_task1_final_seed33_r001,wallpath_pi_task1_to_task2_unseen_buildings_transfer,False,33,results\transfer_task1_to_task2_final_seed33_r001
wallpath_calibrated,0.01,33,692.0,621.9023101027053,69171.2,62205.51581671863,692.0,621.9023101027053,3.2,0.5419639901526325,5.092380955017399,2.347252077731765,3.643473614692688,1.7917504470867065,2.535835589090983,1.452858511900264,8.410643841425578,3.9057430200295857,10.788385526657104,4.843489611937683,-1.2047125123681035,1.2212518595778303,4.885976550102234,2.1513260072266864,69171.2,62205.51581671863,2.2662014291661112,1.6899081361255213,5.247836942276129,2.3875338613580936,5.45653926505981,2.442333410417222,5.001990500892994,2.211114896594568,68413.60266666667,61377.76316659457,0.0120102764942948,0.0408219035450864,5.113317952759673,2.3547097410732536,3.666784548123677,1.7997715766231952,8.442206180254619,3.915877782276316,68479.2,61583.613542098494,2.2754860453988086,1.6971280438801422,5.26948845505764,2.3952033105077173,4.97171925287936,2.312058391278617,3.549725966135661,1.762163833064284,8.212728183110555,3.862834078139955,66369.0,60939.29804372065,6.83764082508662,2.722670113117025,-4.248481623950719,1.9472736164118487,0.1681057691987157,0.7521885959895915,750,wallpath_pi_task1_final_seed33_r001,wallpath_pi_task1_to_task2_unseen_buildings_transfer,False,33,results\transfer_task1_to_task2_final_seed33_r001
wallpath_rf,0.01,33,692.0,621.9023101027053,69171.2,62205.51581671863,692.0,621.9023101027053,3.2,0.5419639901526325,5.281422361872343,3.1436037064529443,3.48925610335668,2.23535525226516,2.081311965942383,1.566257546759656,8.709666391054789,5.4182751980885016,11.569276085535686,7.01829740964577,-0.5390429039143686,1.5664198153961149,5.17451797469457,2.873708430248969,69171.2,62205.51581671863,3.095661286584255,2.655816626204282,5.427852991231831,3.187986972071261,5.652661803295265,3.2922721502267263,5.025790755819174,2.501657240392637,68413.60266666667,61377.76316659457,0.0120102764942948,0.0408219035450864,5.300620098252127,3.1458740540408465,3.5113213482697803,2.2408179377374595,8.740838404655456,5.417871378134013,68479.2,61583.613542098494,3.1084730374040843,2.665244765569328,5.447599292457241,3.190171073482801,5.122944958530247,3.1131692645465585,3.37479707980156,2.20365464376604,8.46568058458964,5.386440922177699,66369.0,60939.29804372065,7.447935862454527,3.597944189349596,-4.059440217095775,2.43579340236284,0.35714717605366,0.8302350028636766,750,wallpath_pi_task1_final_seed33_r001,wallpath_pi_task1_to_task2_unseen_buildings_transfer,False,33,results\transfer_task1_to_task2_final_seed33_r001
direct_extra_all_features,0.01,33,692.0,621.9023101027053,69171.2,62205.51581671863,692.0,621.9023101027053,3.2,0.5419639901526325,5.541002158243054,3.761077416682512,4.048661957820257,3.0939240928545044,2.892134365081787,2.764475309871698,9.272188114802043,6.403511929816039,11.665501232465108,7.137035394917126,-2.127745932682805,3.179684527853333,4.886256813844045,2.517816615137386,69171.2,62205.51581671863,2.3849944098641984,1.4772954848917283,5.689874600272298,3.8380713609829296,5.929786929956407,3.988720299013096,5.259880641450011,3.120618275802271,68413.60266666667,61377.76316659457,0.0120102764942948,0.0408219035450864,5.557010688612439,3.7621519806827246,4.063714473247528,3.093616553532538,9.299254455884295,6.4041149587654544,68479.2,61583.613542098494,2.384912949367714,1.4773361412143278,5.706861750113503,3.839152452021556,5.445243993287298,3.766378174074604,3.974176030158997,3.09745104764338,9.10332007821401,6.4236559561471,66369.0,60939.29804372065,7.025662831613367,3.662436151764339,-3.799860420725063,2.618648170368027,0.6167269724243721,1.4264577693007527,750,wallpath_pi_task1_final_seed33_r001,wallpath_pi_task1_to_task2_unseen_buildings_transfer,False,33,results\transfer_task1_to_task2_final_seed33_r001
multi_wall_residual_idw,0.01,33,692.0,621.9023101027053,69171.2,62205.51581671863,692.0,621.9023101027053,3.2,0.5419639901526325,5.635773734273138,2.2686059501973688,3.927358080387116,1.625810165172332,2.778285525004069,1.23181015075193,8.850029679298402,3.618973943406612,11.384949833552042,4.606855534003491,0.0184485680627403,0.4318238534752335,5.623532765547434,2.258109259696868,69171.2,62205.51581671863,5.098307542632831,3.301653131542288,5.719724791629419,2.301854374308121,5.9113926909684285,2.3571607339251983,5.624750980577311,2.2634687274610243,68413.60266666667,61377.76316659457,0.0120102764942948,0.0408219035450864,5.664199670893858,2.2800611031957376,3.967075640996297,1.6422684678040491,8.88641939385732,3.6320551580758567,68479.2,61583.613542098494,5.1228243921022765,3.315414713592748,5.748584887095026,2.313481234105049,5.451849763544447,2.17341148013048,3.824179234822591,1.582853062947987,8.650945846557617,3.5420173235926047,66369.0,60939.29804372065,7.96943590663184,3.6393120307322335,-3.70508884469498,1.831021685035502,0.7114985484544549,1.1504788123911742,750,wallpath_pi_task1_final_seed33_r001,wallpath_pi_task1_to_task2_unseen_buildings_transfer,False,33,results\transfer_task1_to_task2_final_seed33_r001
idw,0.01,33,692.0,621.9023101027053,69171.2,62205.51581671863,692.0,621.9023101027053,3.2,0.5419639901526325,6.1655281986072925,2.1999294052902374,4.583325147310893,1.683183949774098,3.477277898152669,1.3654182215124806,10.157115681330364,3.7029040057685623,12.686579037984211,4.584522888705116,-0.1745906361478846,0.5344720908667624,6.144199244499206,2.188125740833236,69171.2,62205.51581671863,10.77408060823724,5.635744800143768,5.882198464344327,2.1552867377156817,5.903572781742231,2.1342943162257155,6.121492935980777,2.141051917411638,68413.60266666667,61377.76316659457,0.0120102764942948,0.0408219035450864,6.196625640087358,2.2110391387707664,4.629675955295562,1.7002253352625538,10.194793078740435,3.716151943872173,68479.2,61583.613542098494,10.824990087765356,5.65195833384352,5.9118775268027735,2.1661782520417083,6.092028937639435,2.173398478799768,4.524595746517181,1.6597562344129777,10.030499797185264,3.650045252462232,66369.0,60939.29804372065,7.393488488779129,2.5118914270369848,-3.175334380360824,2.021134665941108,1.2412530127886103,1.058317947384613,750,wallpath_pi_task1_final_seed33_r001,wallpath_pi_task1_to_task2_unseen_buildings_transfer,False,33,results\transfer_task1_to_task2_final_seed33_r001
direct_rf_sparse_anchor,0.01,33,692.0,621.9023101027053,69171.2,62205.51581671863,692.0,621.9023101027053,3.2,0.5419639901526325,8.60968044999829,3.8888986953236735,6.570381423950195,3.147068964691043,5.129478276570638,2.8476022412699824,14.364757066090904,6.49340183024244,17.578391964594523,7.78029089798028,-0.9306482804281015,2.249199497804508,8.305055486043294,3.789401876337352,69171.2,62205.51581671863,2.885555201042893,2.3307035789525443,8.886164082539505,3.945992497595124,9.270089860513384,4.02274646493783,8.487370596903137,3.726565578790346,68413.60266666667,61377.76316659457,0.0120102764942948,0.0408219035450864,8.610393575791147,3.889576751481656,6.570965129534404,3.1477499045356274,14.36596892229716,6.494891190048929,68479.2,61583.613542098494,2.8856465536923706,2.3318233606045204,8.886905144431024,3.946659512709044,8.512626313197638,3.866294267366153,6.4839988635381065,3.1298222533166524,14.220541862487792,6.468237384629317,66369.0,60939.29804372065,10.021268033382146,4.191302716482477,-0.7311821289698271,1.4854503133840056,3.685405264179608,1.9696607733650549,750,wallpath_pi_task1_final_seed33_r001,wallpath_pi_task1_to_task2_unseen_buildings_transfer,False,33,results\transfer_task1_to_task2_final_seed33_r001
multi_wall,0.01,33,692.0,621.9023101027053,69171.2,62205.51581671863,692.0,621.9023101027053,3.2,0.5419639901526325,9.340862578968116,3.573885496630469,7.355573470433553,2.9590939499596107,6.209594659169515,2.751097120754883,14.87829498799642,5.716189920611862,17.903795239130655,6.6723080140217,0.0381734142967422,0.5475964104838122,9.3281569592158,3.5653844846702927,69171.2,62205.51581671863,9.191288383725166,4.835337596550291,9.381978648005695,3.5678041502667157,9.608340594241984,3.6102746304872713,9.286727310233305,3.506548428192305,68413.60266666667,61377.76316659457,0.0120102764942948,0.0408219035450864,9.34311484664306,3.5749690357380475,7.356740406990051,2.95963650526528,14.8803422164917,5.717201696141772,68479.2,61583.613542098494,9.195114166716593,4.839811407476868,9.384139187881583,3.5688772695086364,9.222981045858452,3.5362631173851145,7.292753164291382,2.945616604612553,14.757727745691936,5.691358107608448,66369.0,60939.29804372065,10.974443159833127,4.446558223791381,0.0,0.0,4.416587393149436,2.124433372611717,750,wallpath_pi_task1_final_seed33_r001,wallpath_pi_task1_to_task2_unseen_buildings_transfer,False,33,results\transfer_task1_to_task2_final_seed33_r001
log_distance,0.01,33,692.0,621.9023101027053,69171.2,62205.51581671863,692.0,621.9023101027053,3.2,0.5419639901526325,10.86308711061419,3.896044866551189,8.81792267227173,3.284197626711081,7.729437775929769,3.130676185714697,17.581063117345174,6.256529054331322,20.566775042215983,7.2432110926868125,-0.0027618867899291,0.6364444258451437,10.848318415323892,3.885813407376169,69171.2,62205.51581671863,13.500600123671804,5.891864960603679,10.595023657630872,3.8291834334400288,10.591316709885277,3.80906544476533,10.793218748583518,3.797141573313264,68413.60266666667,61377.76316659457,0.0120102764942948,0.0408219035450864,10.863993323471876,3.8965319915678847,8.818587521235148,3.2846137850812887,17.582084643681846,6.256511321763927,68479.2,61583.613542098494,13.505739304180183,5.8980666268092605,10.595565928617946,3.8294965951768662,10.843758706828092,3.8904308961119702,8.80392238521576,3.281047555651144,17.54671861775716,6.245755642514691,66369.0,60939.29804372065,11.218199286164063,3.989866664673399,1.522224531646074,1.5913499518280858,5.938811924795509,2.279831238812569,750,wallpath_pi_task1_final_seed33_r001,wallpath_pi_task1_to_task2_unseen_buildings_transfer,False,33,results\transfer_task1_to_task2_final_seed33_r001
direct_rf_geometry,0.01,33,692.0,621.9023101027053,69171.2,62205.51581671863,692.0,621.9023101027053,3.2,0.5419639901526325,14.29471196324281,9.68635863094111,11.709303731918334,8.726970371472515,9.85895327758789,8.645761530077344,23.291128215789797,15.07613203278135,26.976404673894248,15.960984067731978,-9.235859456364995,10.31018460404302,9.391034116109212,4.291456021305762,69171.2,62205.51581671863,4.555168168668453,3.249796908582069,14.72323089509041,9.87361184964627,15.418023871900475,10.300329393130456,13.886808572589082,8.910058432008087,68413.60266666667,61377.76316659457,0.0120102764942948,0.0408219035450864,14.294237361552536,9.68585497832048,11.708868087291718,8.726479893005033,23.290486257553106,15.076138426473284,68479.2,61583.613542098494,4.5555090379194,3.2498627820229977,14.72277108550874,9.873197915931351,14.254798442134945,9.735639515035588,11.691832489331563,8.787886293342083,23.21595986620585,15.138925748607996,66369.0,60939.29804372065,14.841852465073714,8.948407525502185,4.953849384274693,7.170535862883169,9.370436777424128,7.504333835510297,750,wallpath_pi_task1_final_seed33_r001,wallpath_pi_task1_to_task2_unseen_buildings_transfer,False,33,results\transfer_task1_to_task2_final_seed33_r001
