protocol,random_seed,fold,method,baseline,method_rmse,baseline_rmse,rmse_difference_db,rmse_improvement_percent,rmse_winner,method_mae,baseline_mae,mae_improvement_percent
leave_config_out,11,holdout_C1,wallpath_residual_rf,direct_rf,6.8461825797391205,6.994888801463952,0.14870622172483117,2.1259268866963064,wallpath_residual_rf,5.549313659011332,5.642451718954372,1.6506664936124509
leave_config_out,11,holdout_C2,wallpath_residual_rf,direct_rf,7.115602130149389,7.195445210833422,0.07984308068403312,1.1096336410681278,wallpath_residual_rf,5.602899806165705,5.70656126779057,1.8165311254951304
leave_config_out,22,holdout_C1,wallpath_residual_rf,direct_rf,6.820192266625755,6.975050408805271,0.1548581421795161,2.220172373005705,wallpath_residual_rf,5.530764620507214,5.631356192236717,1.7862761348354448
leave_config_out,22,holdout_C2,wallpath_residual_rf,direct_rf,7.12485808318637,7.215501527151935,0.09064344396556479,1.2562320668143923,wallpath_residual_rf,5.611356738304503,5.717613643702725,1.8584135273857076
leave_config_out,33,holdout_C1,wallpath_residual_rf,direct_rf,6.843527155129876,6.988086579330986,0.1445594242011099,2.0686553115795756,wallpath_residual_rf,5.55182329812761,5.63681027025277,1.507713902908225
leave_config_out,33,holdout_C2,wallpath_residual_rf,direct_rf,7.100044493468812,7.224685428075701,0.12464093460688908,1.7252091575160424,wallpath_residual_rf,5.591371848147586,5.73285481833035,2.46793220247587
leave_config_out,11,holdout_C1,wallpath_residual_extra,direct_rf,6.852775492821253,6.994888801463952,0.14211330864269822,2.031673593052051,wallpath_residual_extra,5.532026546426055,5.642451718954372,1.9570423998024136
leave_config_out,11,holdout_C2,wallpath_residual_extra,direct_rf,7.216417989834594,7.195445210833422,-0.02097277900117156,-0.2914729858493685,direct_rf,5.701454394606276,5.70656126779057,0.08949125304443642
leave_config_out,22,holdout_C1,wallpath_residual_extra,direct_rf,6.8661572071366574,6.975050408805271,0.10889320166861349,1.56118157269727,wallpath_residual_extra,5.539214580978352,5.631356192236717,1.636224172525072
leave_config_out,22,holdout_C2,wallpath_residual_extra,direct_rf,7.221533060947868,7.215501527151935,-0.0060315337959329085,-0.08359133143047984,direct_rf,5.705823871550839,5.717613643702725,0.20620092378698676
leave_config_out,33,holdout_C1,wallpath_residual_extra,direct_rf,6.869164174381812,6.988086579330986,0.11892240494917417,1.7017878012690475,wallpath_residual_extra,5.5418040877740005,5.63681027025277,1.6854600017344425
leave_config_out,33,holdout_C2,wallpath_residual_extra,direct_rf,7.219849717467243,7.224685428075701,0.004835710608458221,0.06693316486370834,wallpath_residual_extra,5.707712176997958,5.73285481833035,0.43857104582519346
leave_config_out,11,holdout_C1,wallpath_residual_rf,multi_wall_linear,6.8461825797391205,7.016972195591359,0.17078961585223862,2.433950300665902,wallpath_residual_rf,5.549313659011332,5.77653340062394,3.933496542893095
leave_config_out,11,holdout_C2,wallpath_residual_rf,multi_wall_linear,7.115602130149389,7.7453819702794755,0.6297798401300865,8.131036565358212,wallpath_residual_rf,5.602899806165705,6.049466264556273,7.381915013015178
leave_config_out,22,holdout_C1,wallpath_residual_rf,multi_wall_linear,6.820192266625755,7.016972195591359,0.19677992896560426,2.8043424354629427,wallpath_residual_rf,5.530764620507214,5.77653340062394,4.254606752385085
leave_config_out,22,holdout_C2,wallpath_residual_rf,multi_wall_linear,7.12485808318637,7.7453819702794755,0.6205238870931051,8.011533704524515,wallpath_residual_rf,5.611356738304503,6.049466264556273,7.242118677785622
leave_config_out,33,holdout_C1,wallpath_residual_rf,multi_wall_linear,6.843527155129876,7.016972195591359,0.17344504046148312,2.47179318410946,wallpath_residual_rf,5.55182329812761,5.77653340062394,3.890051124296417
leave_config_out,33,holdout_C2,wallpath_residual_rf,multi_wall_linear,7.100044493468812,7.7453819702794755,0.6453374768106634,8.331899953894434,wallpath_residual_rf,5.591371848147586,6.049466264556273,7.572476585127105
leave_config_out,11,holdout_C1,wallpath_residual_extra,multi_wall_linear,6.852775492821253,7.016972195591359,0.16419670277010567,2.339993635335588,wallpath_residual_extra,5.532026546426055,5.77653340062394,4.232761021886852
leave_config_out,11,holdout_C2,wallpath_residual_extra,multi_wall_linear,7.216417989834594,7.7453819702794755,0.5289639804448818,6.829411157185257,wallpath_residual_extra,5.701454394606276,6.049466264556273,5.752769826802623
leave_config_out,22,holdout_C1,wallpath_residual_extra,multi_wall_linear,6.8661572071366574,7.016972195591359,0.15081498845470165,2.1492886711088306,wallpath_residual_extra,5.539214580978352,5.77653340062394,4.108325931603797
leave_config_out,22,holdout_C2,wallpath_residual_extra,multi_wall_linear,7.221533060947868,7.7453819702794755,0.5238489093316074,6.7633708878621706,wallpath_residual_extra,5.705823871550839,6.049466264556273,5.680540695281316
leave_config_out,33,holdout_C1,wallpath_residual_extra,multi_wall_linear,6.869164174381812,7.016972195591359,0.1478080212095474,2.1064358969872017,wallpath_residual_extra,5.5418040877740005,5.77653340062394,4.063497890007625
leave_config_out,33,holdout_C2,wallpath_residual_extra,multi_wall_linear,7.219849717467243,7.7453819702794755,0.5255322528122326,6.785104399354366,wallpath_residual_extra,5.707712176997958,6.049466264556273,5.649326281239819
leave_scenario_out,11,holdout_Comms,wallpath_residual_rf,direct_rf,10.920725068625824,10.067418871966405,-0.8533061966594193,-8.475918281651357,direct_rf,8.446297698645221,7.924190631566626,-6.58877469452516
leave_scenario_out,11,holdout_Library,wallpath_residual_rf,direct_rf,11.6285325766031,12.560354595222991,0.9318220186198918,7.418755669320724,wallpath_residual_rf,9.672083376388835,10.71423485842126,9.726793334321084
leave_scenario_out,11,holdout_SSE,wallpath_residual_rf,direct_rf,9.979450982191258,10.189664220081442,0.21021323789018354,2.0630045637411927,wallpath_residual_rf,7.846863786901098,8.030872286604218,2.2912641757490393
leave_scenario_out,22,holdout_Comms,wallpath_residual_rf,direct_rf,11.040430583638036,10.13336832470581,-0.9070622589322266,-8.951241382598814,direct_rf,8.54968345988532,7.934593362882617,-7.752005287127195
leave_scenario_out,22,holdout_Library,wallpath_residual_rf,direct_rf,11.698887211370916,12.635939529496891,0.9370523181259749,7.415770833174321,wallpath_residual_rf,9.72333343586753,10.80624091629002,10.021130278430547
leave_scenario_out,22,holdout_SSE,wallpath_residual_rf,direct_rf,10.030517000976037,10.233323465813127,0.20280646483709042,1.9818240429378988,wallpath_residual_rf,7.875892483948746,8.03738906347514,2.009316436606192
leave_scenario_out,33,holdout_Comms,wallpath_residual_rf,direct_rf,10.95894127415388,9.950932365204286,-1.0080089089495932,-10.129793590742583,direct_rf,8.466324716887106,7.827078675915326,-8.167108923266635
leave_scenario_out,33,holdout_Library,wallpath_residual_rf,direct_rf,11.679050429894788,12.611794490610311,0.9327440607155228,7.395807641886062,wallpath_residual_rf,9.709861269538422,10.7765296135573,9.898069065545615
leave_scenario_out,33,holdout_SSE,wallpath_residual_rf,direct_rf,9.95763646966592,10.145504000776084,0.18786753111016452,1.8517318715343616,wallpath_residual_rf,7.839535392124898,8.010159591217395,2.13009737383479
leave_scenario_out,11,holdout_Comms,wallpath_residual_extra,direct_rf,10.668145339614872,10.067418871966405,-0.6007264676484674,-5.9670355956007946,direct_rf,8.329172791041909,7.924190631566626,-5.110706926484144
leave_scenario_out,11,holdout_Library,wallpath_residual_extra,direct_rf,11.770240749675406,12.560354595222991,0.7901138455475856,6.290537735678936,wallpath_residual_extra,9.869265235447346,10.71423485842126,7.8864205810252415
leave_scenario_out,11,holdout_SSE,wallpath_residual_extra,direct_rf,10.013242216128363,10.189664220081442,0.1764220039530784,1.7313819193903557,wallpath_residual_extra,7.83367177907077,8.030872286604218,2.455530364520741
leave_scenario_out,22,holdout_Comms,wallpath_residual_extra,direct_rf,10.720876157991096,10.13336832470581,-0.5875078332852866,-5.797754650375278,direct_rf,8.377795030593612,7.934593362882617,-5.585688483851693
leave_scenario_out,22,holdout_Library,wallpath_residual_extra,direct_rf,11.71478048746046,12.635939529496891,0.9211590420364306,7.289992484421989,wallpath_residual_extra,9.826673753240318,10.80624091629002,9.064828099224039
leave_scenario_out,22,holdout_SSE,wallpath_residual_extra,direct_rf,10.040329707322256,10.233323465813127,0.19299375849087141,1.8859343119135574,wallpath_residual_extra,7.848684836948934,8.03738906347514,2.3478299362631168
leave_scenario_out,33,holdout_Comms,wallpath_residual_extra,direct_rf,10.681776050153893,9.950932365204286,-0.7308436849496065,-7.344474448496594,direct_rf,8.341514044860427,7.827078675915326,-6.5725079591708715
leave_scenario_out,33,holdout_Library,wallpath_residual_extra,direct_rf,11.725200429260935,12.611794490610311,0.8865940613493759,7.029880339466836,wallpath_residual_extra,9.823167143273102,10.7765296135573,8.846655690388769
leave_scenario_out,33,holdout_SSE,wallpath_residual_extra,direct_rf,10.04209443309031,10.145504000776084,0.10340956768577314,1.0192649638486446,wallpath_residual_extra,7.868375372895429,8.010159591217395,1.7700548498112711
leave_scenario_out,11,holdout_Comms,wallpath_residual_rf,multi_wall_linear,10.920725068625824,9.482231582019024,-1.4384934866068004,-15.17041082749538,multi_wall_linear,8.446297698645221,7.445694747385867,-13.438678124840662
leave_scenario_out,11,holdout_Library,wallpath_residual_rf,multi_wall_linear,11.6285325766031,11.276905352139998,-0.35162722446310113,-3.118118078346498,multi_wall_linear,9.672083376388835,9.544031692207565,-1.341693828257313
leave_scenario_out,11,holdout_SSE,wallpath_residual_rf,multi_wall_linear,9.979450982191258,9.79580849468331,-0.18364248750794765,-1.8747047536466221,multi_wall_linear,7.846863786901098,7.791382665293398,-0.7120831306982277
leave_scenario_out,22,holdout_Comms,wallpath_residual_rf,multi_wall_linear,11.040430583638036,9.482231582019024,-1.5581990016190126,-16.43283005841996,multi_wall_linear,8.54968345988532,7.445694747385867,-14.827208876472639
leave_scenario_out,22,holdout_Library,wallpath_residual_rf,multi_wall_linear,11.698887211370916,11.276905352139998,-0.42198185923091813,-3.742000540519207,multi_wall_linear,9.72333343586753,9.544031692207565,-1.8786792567585568
leave_scenario_out,22,holdout_SSE,wallpath_residual_rf,multi_wall_linear,10.030517000976037,9.79580849468331,-0.23470850629272633,-2.3960095424498626,multi_wall_linear,7.875892483948746,7.791382665293398,-1.0846575285256665
leave_scenario_out,33,holdout_Comms,wallpath_residual_rf,multi_wall_linear,10.95894127415388,9.482231582019024,-1.4767096921348557,-15.573440485624843,multi_wall_linear,8.466324716887106,7.445694747385867,-13.707652598296164
leave_scenario_out,33,holdout_Library,wallpath_residual_rf,multi_wall_linear,11.679050429894788,11.276905352139998,-0.40214507775479014,-3.5660942891435705,multi_wall_linear,9.709861269538422,9.544031692207565,-1.7375212350379408
leave_scenario_out,33,holdout_SSE,wallpath_residual_rf,multi_wall_linear,9.95763646966592,9.79580849468331,-0.16182797498260904,-1.652012440529451,multi_wall_linear,7.839535392124898,7.791382665293398,-0.6180254378468084
leave_scenario_out,11,holdout_Comms,wallpath_residual_extra,multi_wall_linear,10.668145339614872,9.482231582019024,-1.1859137575958485,-12.506694730433226,multi_wall_linear,8.329172791041909,7.445694747385867,-11.865622666927433
leave_scenario_out,11,holdout_Library,wallpath_residual_extra,multi_wall_linear,11.770240749675406,11.276905352139998,-0.49333539753540734,-4.374740960664248,multi_wall_linear,9.869265235447346,9.544031692207565,-3.4077165052304377
leave_scenario_out,11,holdout_SSE,wallpath_residual_extra,multi_wall_linear,10.013242216128363,9.79580849468331,-0.2174337214450528,-2.219660802506146,multi_wall_linear,7.83367177907077,7.791382665293398,-0.5427677678539511
leave_scenario_out,22,holdout_Comms,wallpath_residual_extra,multi_wall_linear,10.720876157991096,9.482231582019024,-1.2386445759720726,-13.062796086112163,multi_wall_linear,8.377795030593612,7.445694747385867,-12.518647551794942
leave_scenario_out,22,holdout_Library,wallpath_residual_extra,multi_wall_linear,11.71478048746046,11.276905352139998,-0.4378751353204624,-3.8829370438705295,multi_wall_linear,9.826673753240318,9.544031692207565,-2.9614535046391612
leave_scenario_out,22,holdout_SSE,wallpath_residual_extra,multi_wall_linear,10.040329707322256,9.79580849468331,-0.24452121263894533,-2.496182043285754,multi_wall_linear,7.848684836948934,7.791382665293398,-0.7354557479353142
leave_scenario_out,33,holdout_Comms,wallpath_residual_extra,multi_wall_linear,10.681776050153893,9.482231582019024,-1.199544468134869,-12.650444758273386,multi_wall_linear,8.341514044860427,7.445694747385867,-12.031372865360565
leave_scenario_out,33,holdout_Library,wallpath_residual_extra,multi_wall_linear,11.725200429260935,11.276905352139998,-0.4482950771209371,-3.9753377644148173,multi_wall_linear,9.823167143273102,9.544031692207565,-2.924712113995214
leave_scenario_out,33,holdout_SSE,wallpath_residual_extra,multi_wall_linear,10.04209443309031,9.79580849468331,-0.24628593840700042,-2.5141971542284893,multi_wall_linear,7.868375372895429,7.791382665293398,-0.988177720303661
