protocol,method,num_seeds,rmse_mean,rmse_std,rmse_min,rmse_max,mae_mean,mae_std,mae_min,mae_max,median_ae_mean,median_ae_std,median_ae_min,median_ae_max,p90_ae_mean,p90_ae_std,p90_ae_min,p90_ae_max,p95_ae_mean,p95_ae_std,p95_ae_min,p95_ae_max,bias_db_mean,bias_db_std,bias_db_min,bias_db_max,std_error_db_mean,std_error_db_std,std_error_db_min,std_error_db_max,summary_type,rank
leave_config_out,wallpath_residual_rf,3,6.975067784716553,0.005057753808063185,6.971785824299344,6.980892354944254,,,,,,,,,,,,,,,,,,,,,,,,,macro_equal_fold,1
leave_config_out,wallpath_residual_extra,3,7.040982940431571,0.005540501149304663,7.034596741327924,7.044506945924527,,,,,,,,,,,,,,,,,,,,,,,,,macro_equal_fold,2
leave_config_out,direct_rf,3,7.098942992610212,0.006446066922509138,7.095167006148687,7.106386003703344,,,,,,,,,,,,,,,,,,,,,,,,,macro_equal_fold,3
leave_config_out,direct_extra,3,7.149252753122617,0.004671405871703695,7.144907566024667,7.154193296207087,,,,,,,,,,,,,,,,,,,,,,,,,macro_equal_fold,4
leave_config_out,multi_wall_linear,3,7.381177082935419,1.0877919644084146e-15,7.381177082935418,7.381177082935418,,,,,,,,,,,,,,,,,,,,,,,,,macro_equal_fold,5
leave_config_out,log_distance,3,10.151046210937103,0.0,10.151046210937103,10.151046210937103,,,,,,,,,,,,,,,,,,,,,,,,,macro_equal_fold,6
leave_config_out,wallpath_residual_rf,3,6.973544603771418,0.005054134686040935,6.970274694863696,6.979365851242501,5.572314225294673,0.0028391302754622216,5.5702153075408525,5.57554464013585,4.833145952413375,0.024512001032888902,4.805457778103857,4.85207550387247,11.260672574446668,0.06277635469273896,11.196074570842176,11.321453046650635,13.790944647363231,0.017656396886678534,13.776309031895073,13.810554624186656,0.07502888582854561,0.009296875617192741,0.066779566051216,0.0851027842105028,6.973136884538696,0.004960567641114953,6.969890275410442,6.9788469822463925,pooled_point_level,1
leave_config_out,wallpath_residual_extra,3,7.039500267830117,0.005524797207138256,7.033131898427211,7.043010470232171,5.61958422314424,0.004156492539841789,5.614963255325464,5.62301783774377,4.746885263007971,0.008170744597521831,4.73757779552394,4.752876664142583,11.529034931024588,0.04916389378849056,11.475342949057428,11.57184860051115,13.71940216853046,0.08390661098438004,13.630989160738222,13.797925933487615,0.0686417450607934,0.0020638617760531377,0.0670745521061032,0.0709801582838453,7.039165401307962,0.0055173204594510935,7.032804411651068,7.042652788610979,pooled_point_level,2
leave_config_out,direct_rf,3,7.0974775447921905,0.006418248910300686,7.093771761949867,7.104888700260582,5.677079739704094,0.005843018742487382,5.67358011952777,5.68382508399704,4.867465862840876,0.016492031233549323,4.849468025030525,4.88185416666667,11.583596914805476,0.03281504422711629,11.545759486785188,11.604268885281376,14.030820361351616,0.06529071556782187,13.959745472582975,14.08813273809524,0.05050492508161817,0.015299991603787637,0.0388354472516236,0.067826926875884,7.097286809438479,0.006492156010809852,7.093447491779149,7.104782561847144,pooled_point_level,3
leave_config_out,direct_extra,3,7.147685422594969,0.004677415369846606,7.143337159020351,7.152634021440348,5.703025409433425,0.0069382270537277305,5.697032958739713,5.710626729313692,4.800826102193892,0.006326462460397115,4.793956897677489,4.806413528004242,11.781382629118127,0.035736178836724246,11.743360772805628,11.814279820622165,14.237847795194867,0.06072727765792906,14.187423428362589,14.305259974747452,0.06573357774993686,0.0038648965652486257,0.0613254312957577,0.0685406510507838,7.147382474124346,0.004646435031976946,7.143073915263465,7.152305615940881,pooled_point_level,4
leave_config_out,multi_wall_linear,3,7.382521667527986,0.0,7.382521667527986,7.382521667527986,5.910136900450955,1.0877919644084146e-15,5.910136900450956,5.910136900450956,5.052484342674234,0.0,5.052484342674234,5.052484342674234,11.826372104518247,2.175583928816829e-15,11.826372104518246,11.826372104518246,14.321111321689385,0.0,14.321111321689385,14.321111321689385,0.0611459227360388,0.0,0.0611459227360388,0.0611459227360388,7.382268441858027,0.0,7.382268441858027,7.382268441858027,pooled_point_level,5
leave_config_out,log_distance,3,10.148812855111771,0.0,10.148812855111771,10.148812855111771,8.360766493468521,0.0,8.360766493468521,8.360766493468521,7.582219249055662,0.0,7.582219249055662,7.582219249055662,16.41345126278437,0.0,16.41345126278437,16.41345126278437,19.06242694418811,0.0,19.06242694418811,19.06242694418811,0.0547390394236962,0.0,0.0547390394236962,0.0547390394236962,10.148665232711387,0.0,10.148665232711387,10.148665232711387,pooled_point_level,6
leave_scenario_out,multi_wall_linear,3,10.18498180961411,0.0,10.18498180961411,10.18498180961411,,,,,,,,,,,,,,,,,,,,,,,,,macro_equal_fold,1
leave_scenario_out,wallpath_residual_extra,3,10.81963173007751,0.004952170594665707,10.816356970835045,10.82532878425794,,,,,,,,,,,,,,,,,,,,,,,,,macro_equal_fold,2
leave_scenario_out,wallpath_residual_rf,3,10.877130177457751,0.0414925254504542,10.842902875806727,10.92327826532833,,,,,,,,,,,,,,,,,,,,,,,,,macro_equal_fold,3
leave_scenario_out,direct_extra,3,10.932174538969862,0.040490957928152826,10.903307160079931,10.978459813947707,,,,,,,,,,,,,,,,,,,,,,,,,macro_equal_fold,4
leave_scenario_out,direct_rf,3,10.947588873764149,0.04960855032735892,10.90274361886356,11.000877106671943,,,,,,,,,,,,,,,,,,,,,,,,,macro_equal_fold,5
leave_scenario_out,log_distance,3,12.890218993880623,0.0,12.890218993880623,12.890218993880623,,,,,,,,,,,,,,,,,,,,,,,,,macro_equal_fold,6
leave_scenario_out,multi_wall_linear,3,10.082889508176178,0.0,10.082889508176178,10.082889508176178,8.108078792632682,0.0,8.108078792632682,8.108078792632682,7.035666287057936,0.0,7.035666287057936,7.035666287057936,16.208215730275843,0.0,16.208215730275843,16.208215730275843,20.01722303503161,0.0,20.01722303503161,20.01722303503161,4.711608308110698,0.0,4.711608308110698,4.711608308110698,8.914337215128867,0.0,8.914337215128867,8.914337215128867,pooled_point_level,1
leave_scenario_out,direct_rf,3,10.892102090072568,0.05918976428241196,10.835747170565446,10.953768659717507,8.76939340136563,0.03838414089500972,8.729811241489923,8.80645531616832,7.511100198412682,0.025561795262125916,7.482083333333335,7.530290674603165,18.345601058201073,0.12413995360147691,18.20379761904762,18.434656746031777,20.945738783670052,0.13937327933201618,20.8500015873016,21.10563730158732,0.1524313796360224,0.04863448135693171,0.0962809036261855,0.1813164384601875,10.890961002016892,0.05974710736017865,10.834257049084128,10.953345508939558,pooled_point_level,2
leave_scenario_out,wallpath_residual_extra,3,10.9568745090779,0.010387178822042568,10.948997657495786,10.968646190306265,8.75025158903187,0.01145005783256239,8.742145164969255,8.76335014467505,7.53099226869183,0.03955441705523735,7.5077279630452125,7.576663090270912,17.73309955966811,0.037981463595057816,17.694228060053174,17.770123557401032,21.111331743842847,0.08969533871649024,21.036297215975136,21.210676335943283,5.58994377556444,0.022344472843248357,5.574238959439248,5.615524537456372,9.423659303886842,0.004242049262888342,9.420371156101282,9.428447585955618,pooled_point_level,3
leave_scenario_out,wallpath_residual_rf,3,11.100157555248705,0.04962076627546867,11.055069258641156,11.153320400088043,8.79281391422988,0.041645561171136616,8.75828891520843,8.839065568560736,7.422632047917998,0.030998956141349215,7.392004657318374,7.453989667009914,18.18337805302208,0.1490909613963035,18.033243133739983,18.331402652678296,21.868212625423883,0.07937002620852845,21.78008807099782,21.93407279796532,5.51600575519558,0.057483958263521845,5.465388595168,5.578500794985733,9.632560570639738,0.02429988506828595,9.609582915879349,9.657995901187974,pooled_point_level,4
leave_scenario_out,direct_extra,3,11.143195956295814,0.04321801414472355,11.093482306964928,11.1718226018148,8.96260912856738,0.03415328273465176,8.923637095139417,8.987323163971118,7.671144355644313,0.03235383371968057,7.633818799256261,7.691175595238043,18.790838888888906,0.10057691409137068,18.686466666666718,18.887133333333335,21.34073121693122,0.10280223507902571,21.22216666666669,21.405026984126984,-0.3113846103357798,0.07261012541730989,-0.3767674081292261,-0.2332394148138741,11.138686497472529,0.04328799196481495,11.088745574324758,11.165467592832448,pooled_point_level,5
leave_scenario_out,log_distance,3,14.995307388899613,2.175583928816829e-15,14.995307388899615,14.995307388899615,12.699733794624231,0.0,12.699733794624231,12.699733794624231,11.961854248134712,0.0,11.961854248134712,11.961854248134712,24.081148826240753,4.351167857633658e-15,24.081148826240756,24.081148826240756,26.751563632757424,0.0,26.751563632757424,26.751563632757424,-3.872114898156387,0.0,-3.872114898156387,-3.872114898156387,14.486751530383296,0.0,14.486751530383296,14.486751530383296,pooled_point_level,6
